topology,nodes,mesh_rows,source,scope,group_size,packet_flits,injection_rate,background_rate,seed,naive_latency_ticks,tree_latency_ticks,latency_speedup,naive_link_flits,tree_link_flits,traffic_reduction,naive_throughput,tree_throughput,throughput_improvement,naive_logical_bytes_per_cycle,tree_logical_bytes_per_cycle,naive_artifact,tree_artifact
4x4,16,4,5,common,4,1,0.1,0.0,1,8500.0,5000.0,1.7,700.0,500.0,0.2857142857142857,0.050075,0.050251,0.0035147279081377825,6.409614421632448,6.432160804020101,report/raw-results/multicast-4x4-8x8/naive_unicast-4x4-g4-f1-r0.1-b0-s1,report/raw-results/multicast-4x4-8x8/tree_multicast-4x4-g4-f1-r0.1-b0-s1
4x4,16,4,5,common,4,1,0.1,0.0,7,10500.0,6000.0,1.75,900.0,600.0,0.33333333333333337,0.049975,0.050201,0.004522261130565308,6.3968015992004,6.42570281124498,report/raw-results/multicast-4x4-8x8/naive_unicast-4x4-g4-f1-r0.1-b0-s7,report/raw-results/multicast-4x4-8x8/tree_multicast-4x4-g4-f1-r0.1-b0-s7
4x4,16,4,5,common,4,1,0.1,0.0,17,7500.0,5000.0,1.5,600.0,500.0,0.16666666666666663,0.050125,0.050251,0.002513715710723119,6.416040100250627,6.432160804020101,report/raw-results/multicast-4x4-8x8/naive_unicast-4x4-g4-f1-r0.1-b0-s17,report/raw-results/multicast-4x4-8x8/tree_multicast-4x4-g4-f1-r0.1-b0-s17
4x4,16,4,5,common,4,1,0.1,0.1,1,8610.0,5000.0,1.722,700.0,500.0,0.2857142857142857,0.050075,0.050251,0.0035147279081377825,6.409614421632448,6.432160804020101,report/raw-results/multicast-4x4-8x8/naive_unicast-4x4-g4-f1-r0.1-b0.1-s1,report/raw-results/multicast-4x4-8x8/tree_multicast-4x4-g4-f1-r0.1-b0.1-s1
4x4,16,4,5,common,4,1,0.1,0.1,7,10600.0,6000.0,1.7666666666666666,900.0,600.0,0.33333333333333337,0.04995,0.050201,0.005025025025024998,6.393606393606394,6.42570281124498,report/raw-results/multicast-4x4-8x8/naive_unicast-4x4-g4-f1-r0.1-b0.1-s7,report/raw-results/multicast-4x4-8x8/tree_multicast-4x4-g4-f1-r0.1-b0.1-s7
4x4,16,4,5,common,4,1,0.1,0.1,17,7560.0,5000.0,1.512,600.0,500.0,0.16666666666666663,0.050125,0.050251,0.002513715710723119,6.416040100250627,6.432160804020101,report/raw-results/multicast-4x4-8x8/naive_unicast-4x4-g4-f1-r0.1-b0.1-s17,report/raw-results/multicast-4x4-8x8/tree_multicast-4x4-g4-f1-r0.1-b0.1-s17
4x4,16,4,5,common,4,1,0.5,0.0,1,8500.0,5000.0,1.7,700.0,500.0,0.2857142857142857,0.099305,0.246305,1.4802880016111977,12.711022840119165,31.52709359605911,report/raw-results/multicast-4x4-8x8/naive_unicast-4x4-g4-f1-r0.5-b0-s1,report/raw-results/multicast-4x4-8x8/tree_multicast-4x4-g4-f1-r0.5-b0-s1
4x4,16,4,5,common,4,1,0.5,0.0,7,10500.0,6000.0,1.75,900.0,600.0,0.33333333333333337,0.098912,0.245098,1.4779399870592043,12.660731948565775,31.372549019607842,report/raw-results/multicast-4x4-8x8/naive_unicast-4x4-g4-f1-r0.5-b0-s7,report/raw-results/multicast-4x4-8x8/tree_multicast-4x4-g4-f1-r0.5-b0-s7
4x4,16,4,5,common,4,1,0.5,0.0,17,7500.0,5000.0,1.5,600.0,500.0,0.16666666666666663,0.123916,0.246305,0.9876771361244714,15.861214374225527,31.52709359605911,report/raw-results/multicast-4x4-8x8/naive_unicast-4x4-g4-f1-r0.5-b0-s17,report/raw-results/multicast-4x4-8x8/tree_multicast-4x4-g4-f1-r0.5-b0-s17
4x4,16,4,5,common,4,1,0.5,0.1,1,8605.0,5000.0,1.721,700.0,500.0,0.2857142857142857,0.099305,0.246305,1.4802880016111977,12.711022840119165,31.52709359605911,report/raw-results/multicast-4x4-8x8/naive_unicast-4x4-g4-f1-r0.5-b0.1-s1,report/raw-results/multicast-4x4-8x8/tree_multicast-4x4-g4-f1-r0.5-b0.1-s1
4x4,16,4,5,common,4,1,0.5,0.1,7,10585.0,6000.0,1.7641666666666667,900.0,600.0,0.33333333333333337,0.098814,0.245098,1.4803975145222337,12.648221343873518,31.372549019607842,report/raw-results/multicast-4x4-8x8/naive_unicast-4x4-g4-f1-r0.5-b0.1-s7,report/raw-results/multicast-4x4-8x8/tree_multicast-4x4-g4-f1-r0.5-b0.1-s7
4x4,16,4,5,common,4,1,0.5,0.1,17,7630.0,5000.0,1.526,600.0,500.0,0.16666666666666663,0.123916,0.246305,0.9876771361244714,15.861214374225527,31.52709359605911,report/raw-results/multicast-4x4-8x8/naive_unicast-4x4-g4-f1-r0.5-b0.1-s17,report/raw-results/multicast-4x4-8x8/tree_multicast-4x4-g4-f1-r0.5-b0.1-s17
4x4,16,4,5,common,4,1,1.0,0.0,1,8500.0,5000.0,1.7,700.0,500.0,0.2857142857142857,0.099305,0.246305,1.4802880016111977,12.711022840119165,31.52709359605911,report/raw-results/multicast-4x4-8x8/naive_unicast-4x4-g4-f1-r1-b0-s1,report/raw-results/multicast-4x4-8x8/tree_multicast-4x4-g4-f1-r1-b0-s1
4x4,16,4,5,common,4,1,1.0,0.0,7,10500.0,6000.0,1.75,900.0,600.0,0.33333333333333337,0.098912,0.245098,1.4779399870592043,12.660731948565775,31.372549019607842,report/raw-results/multicast-4x4-8x8/naive_unicast-4x4-g4-f1-r1-b0-s7,report/raw-results/multicast-4x4-8x8/tree_multicast-4x4-g4-f1-r1-b0-s7
4x4,16,4,5,common,4,1,1.0,0.0,17,7500.0,5000.0,1.5,600.0,500.0,0.16666666666666663,0.123916,0.246305,0.9876771361244714,15.861214374225527,31.52709359605911,report/raw-results/multicast-4x4-8x8/naive_unicast-4x4-g4-f1-r1-b0-s17,report/raw-results/multicast-4x4-8x8/tree_multicast-4x4-g4-f1-r1-b0-s17
4x4,16,4,5,common,4,1,1.0,0.1,1,8605.0,5000.0,1.721,700.0,500.0,0.2857142857142857,0.099305,0.246305,1.4802880016111977,12.711022840119165,31.52709359605911,report/raw-results/multicast-4x4-8x8/naive_unicast-4x4-g4-f1-r1-b0.1-s1,report/raw-results/multicast-4x4-8x8/tree_multicast-4x4-g4-f1-r1-b0.1-s1
4x4,16,4,5,common,4,1,1.0,0.1,7,10585.0,6000.0,1.7641666666666667,900.0,600.0,0.33333333333333337,0.098814,0.245098,1.4803975145222337,12.648221343873518,31.372549019607842,report/raw-results/multicast-4x4-8x8/naive_unicast-4x4-g4-f1-r1-b0.1-s7,report/raw-results/multicast-4x4-8x8/tree_multicast-4x4-g4-f1-r1-b0.1-s7
4x4,16,4,5,common,4,1,1.0,0.1,17,7630.0,5000.0,1.526,600.0,500.0,0.16666666666666663,0.123916,0.246305,0.9876771361244714,15.861214374225527,31.52709359605911,report/raw-results/multicast-4x4-8x8/naive_unicast-4x4-g4-f1-r1-b0.1-s17,report/raw-results/multicast-4x4-8x8/tree_multicast-4x4-g4-f1-r1-b0.1-s17
4x4,16,4,5,common,4,4,0.1,0.0,1,16000.0,12500.0,1.28,2800.0,2000.0,0.2857142857142857,0.049702,0.049875,0.003480745241640104,25.447316103379723,25.536159600997507,report/raw-results/multicast-4x4-8x8/naive_unicast-4x4-g4-f4-r0.1-b0-s1,report/raw-results/multicast-4x4-8x8/tree_multicast-4x4-g4-f4-r0.1-b0-s1
4x4,16,4,5,common,4,4,0.1,0.0,7,18000.0,13500.0,1.3333333333333333,3600.0,2400.0,0.33333333333333337,0.049603,0.049826,0.004495695824849433,25.396825396825395,25.5107125062282,report/raw-results/multicast-4x4-8x8/naive_unicast-4x4-g4-f4-r0.1-b0-s7,report/raw-results/multicast-4x4-8x8/tree_multicast-4x4-g4-f4-r0.1-b0-s7
4x4,16,4,5,common,4,4,0.1,0.0,17,15000.0,12500.0,1.2,2400.0,2000.0,0.16666666666666663,0.049751,0.049875,0.0024924122128200388,25.472636815920396,25.536159600997507,report/raw-results/multicast-4x4-8x8/naive_unicast-4x4-g4-f4-r0.1-b0-s17,report/raw-results/multicast-4x4-8x8/tree_multicast-4x4-g4-f4-r0.1-b0-s17
4x4,16,4,5,common,4,4,0.1,0.1,1,26730.0,12500.0,2.1384,2800.0,2000.0,0.2857142857142857,0.048852,0.049875,0.020940800786047653,25.01221299462628,25.536159600997507,report/raw-results/multicast-4x4-8x8/naive_unicast-4x4-g4-f4-r0.1-b0.1-s1,report/raw-results/multicast-4x4-8x8/tree_multicast-4x4-g4-f4-r0.1-b0.1-s1
4x4,16,4,5,common,4,4,0.1,0.1,7,43640.0,13500.0,3.2325925925925927,3600.0,2400.0,0.33333333333333337,0.047551,0.049826,0.047843368173119405,24.346172135045173,25.5107125062282,report/raw-results/multicast-4x4-8x8/naive_unicast-4x4-g4-f4-r0.1-b0.1-s7,report/raw-results/multicast-4x4-8x8/tree_multicast-4x4-g4-f4-r0.1-b0.1-s7
4x4,16,4,5,common,4,4,0.1,0.1,17,15175.0,12500.0,1.214,2400.0,2000.0,0.16666666666666663,0.049751,0.049875,0.0024924122128200388,25.472636815920396,25.536159600997507,report/raw-results/multicast-4x4-8x8/naive_unicast-4x4-g4-f4-r0.1-b0.1-s17,report/raw-results/multicast-4x4-8x8/tree_multicast-4x4-g4-f4-r0.1-b0.1-s17
4x4,16,4,5,common,4,4,0.5,0.0,1,80000.0,34500.0,2.318840579710145,2800.0,2000.0,0.2857142857142857,0.046729,0.060496,0.29461362323182616,23.925233644859812,30.973986690865093,report/raw-results/multicast-4x4-8x8/naive_unicast-4x4-g4-f4-r0.5-b0-s1,report/raw-results/multicast-4x4-8x8/tree_multicast-4x4-g4-f4-r0.5-b0-s1
4x4,16,4,5,common,4,4,0.5,0.0,7,80000.0,35500.0,2.2535211267605635,3600.0,2400.0,0.33333333333333337,0.046729,0.060423,0.29305142416914554,23.925233644859812,30.93655589123867,report/raw-results/multicast-4x4-8x8/naive_unicast-4x4-g4-f4-r0.5-b0-s7,report/raw-results/multicast-4x4-8x8/tree_multicast-4x4-g4-f4-r0.5-b0-s7
4x4,16,4,5,common,4,4,0.5,0.0,17,60000.0,34500.0,1.7391304347826086,2400.0,2000.0,0.16666666666666663,0.062344,0.060496,-0.02964198639804949,31.92019950124688,30.973986690865093,report/raw-results/multicast-4x4-8x8/naive_unicast-4x4-g4-f4-r0.5-b0-s17,report/raw-results/multicast-4x4-8x8/tree_multicast-4x4-g4-f4-r0.5-b0-s17
4x4,16,4,5,common,4,4,0.5,0.1,1,80950.0,34500.0,2.3463768115942027,2800.0,2000.0,0.2857142857142857,0.046104,0.060496,0.3121638035745271,23.605348086675885,30.973986690865093,report/raw-results/multicast-4x4-8x8/naive_unicast-4x4-g4-f4-r0.5-b0.1-s1,report/raw-results/multicast-4x4-8x8/tree_multicast-4x4-g4-f4-r0.5-b0.1-s1
4x4,16,4,5,common,4,4,0.5,0.1,7,82920.0,35500.0,2.335774647887324,3600.0,2400.0,0.33333333333333337,0.045065,0.060423,0.3407966270941971,23.073456511942318,30.93655589123867,report/raw-results/multicast-4x4-8x8/naive_unicast-4x4-g4-f4-r0.5-b0.1-s7,report/raw-results/multicast-4x4-8x8/tree_multicast-4x4-g4-f4-r0.5-b0.1-s7
4x4,16,4,5,common,4,4,0.5,0.1,17,61085.0,34500.0,1.7705797101449274,2400.0,2000.0,0.16666666666666663,0.060827,0.060496,-0.0054416624196491625,31.143552311435524,30.973986690865093,report/raw-results/multicast-4x4-8x8/naive_unicast-4x4-g4-f4-r0.5-b0.1-s17,report/raw-results/multicast-4x4-8x8/tree_multicast-4x4-g4-f4-r0.5-b0.1-s17
4x4,16,4,5,common,4,4,1.0,0.0,1,80000.0,34500.0,2.318840579710145,2800.0,2000.0,0.2857142857142857,0.046729,0.060496,0.29461362323182616,23.925233644859812,30.973986690865093,report/raw-results/multicast-4x4-8x8/naive_unicast-4x4-g4-f4-r1-b0-s1,report/raw-results/multicast-4x4-8x8/tree_multicast-4x4-g4-f4-r1-b0-s1
4x4,16,4,5,common,4,4,1.0,0.0,7,80000.0,35500.0,2.2535211267605635,3600.0,2400.0,0.33333333333333337,0.046729,0.060423,0.29305142416914554,23.925233644859812,30.93655589123867,report/raw-results/multicast-4x4-8x8/naive_unicast-4x4-g4-f4-r1-b0-s7,report/raw-results/multicast-4x4-8x8/tree_multicast-4x4-g4-f4-r1-b0-s7
4x4,16,4,5,common,4,4,1.0,0.0,17,60000.0,34500.0,1.7391304347826086,2400.0,2000.0,0.16666666666666663,0.062344,0.060496,-0.02964198639804949,31.92019950124688,30.973986690865093,report/raw-results/multicast-4x4-8x8/naive_unicast-4x4-g4-f4-r1-b0-s17,report/raw-results/multicast-4x4-8x8/tree_multicast-4x4-g4-f4-r1-b0-s17
4x4,16,4,5,common,4,4,1.0,0.1,1,80950.0,34500.0,2.3463768115942027,2800.0,2000.0,0.2857142857142857,0.046104,0.060496,0.3121638035745271,23.605348086675885,30.973986690865093,report/raw-results/multicast-4x4-8x8/naive_unicast-4x4-g4-f4-r1-b0.1-s1,report/raw-results/multicast-4x4-8x8/tree_multicast-4x4-g4-f4-r1-b0.1-s1
4x4,16,4,5,common,4,4,1.0,0.1,7,82920.0,35500.0,2.335774647887324,3600.0,2400.0,0.33333333333333337,0.045065,0.060423,0.3407966270941971,23.073456511942318,30.93655589123867,report/raw-results/multicast-4x4-8x8/naive_unicast-4x4-g4-f4-r1-b0.1-s7,report/raw-results/multicast-4x4-8x8/tree_multicast-4x4-g4-f4-r1-b0.1-s7
4x4,16,4,5,common,4,4,1.0,0.1,17,61085.0,34500.0,1.7705797101449274,2400.0,2000.0,0.16666666666666663,0.060827,0.060496,-0.0054416624196491625,31.143552311435524,30.973986690865093,report/raw-results/multicast-4x4-8x8/naive_unicast-4x4-g4-f4-r1-b0.1-s17,report/raw-results/multicast-4x4-8x8/tree_multicast-4x4-g4-f4-r1-b0.1-s17
4x4,16,4,5,common,4,16,0.1,0.0,1,320000.0,154500.0,2.071197411003236,11200.0,8000.0,0.2857142857142857,0.011682,0.012767,0.0928779318609827,23.925233644859812,26.14579343801864,report/raw-results/multicast-4x4-8x8/naive_unicast-4x4-g4-f16-r0.1-b0-s1,report/raw-results/multicast-4x4-8x8/tree_multicast-4x4-g4-f16-r0.1-b0-s1
4x4,16,4,5,common,4,16,0.1,0.0,7,320000.0,155500.0,2.057877813504823,14400.0,9600.0,0.33333333333333337,0.011682,0.012763,0.09253552473891458,23.925233644859812,26.13911933631142,report/raw-results/multicast-4x4-8x8/naive_unicast-4x4-g4-f16-r0.1-b0-s7,report/raw-results/multicast-4x4-8x8/tree_multicast-4x4-g4-f16-r0.1-b0-s7
4x4,16,4,5,common,4,16,0.1,0.0,17,239500.0,154500.0,1.5501618122977345,9600.0,8000.0,0.16666666666666663,0.015586,0.012767,-0.18086744514307707,31.92019950124688,26.14579343801864,report/raw-results/multicast-4x4-8x8/naive_unicast-4x4-g4-f16-r0.1-b0-s17,report/raw-results/multicast-4x4-8x8/tree_multicast-4x4-g4-f16-r0.1-b0-s17
4x4,16,4,5,common,4,16,0.1,0.1,1,325735.0,154500.0,2.10831715210356,11200.0,8000.0,0.2857142857142857,0.011472,0.012767,0.11288354253835431,23.49432144086268,26.14579343801864,report/raw-results/multicast-4x4-8x8/naive_unicast-4x4-g4-f16-r0.1-b0.1-s1,report/raw-results/multicast-4x4-8x8/tree_multicast-4x4-g4-f16-r0.1-b0.1-s1
4x4,16,4,5,common,4,16,0.1,0.1,7,333640.0,155500.0,2.1455948553054665,14400.0,9600.0,0.33333333333333337,0.011203,0.012763,0.13924841560296364,22.94420793188438,26.13911933631142,report/raw-results/multicast-4x4-8x8/naive_unicast-4x4-g4-f16-r0.1-b0.1-s7,report/raw-results/multicast-4x4-8x8/tree_multicast-4x4-g4-f16-r0.1-b0.1-s7
4x4,16,4,5,common,4,16,0.1,0.1,17,243755.0,154500.0,1.5777022653721682,9600.0,8000.0,0.16666666666666663,0.015335,0.012767,-0.16746005868927283,31.406226038951083,26.14579343801864,report/raw-results/multicast-4x4-8x8/naive_unicast-4x4-g4-f16-r0.1-b0.1-s17,report/raw-results/multicast-4x4-8x8/tree_multicast-4x4-g4-f16-r0.1-b0.1-s17
4x4,16,4,5,common,4,16,0.5,0.0,1,320000.0,154500.0,2.071197411003236,11200.0,8000.0,0.2857142857142857,0.011682,0.012767,0.0928779318609827,23.925233644859812,26.14579343801864,report/raw-results/multicast-4x4-8x8/naive_unicast-4x4-g4-f16-r0.5-b0-s1,report/raw-results/multicast-4x4-8x8/tree_multicast-4x4-g4-f16-r0.5-b0-s1
4x4,16,4,5,common,4,16,0.5,0.0,7,320000.0,155500.0,2.057877813504823,14400.0,9600.0,0.33333333333333337,0.011682,0.012763,0.09253552473891458,23.925233644859812,26.13911933631142,report/raw-results/multicast-4x4-8x8/naive_unicast-4x4-g4-f16-r0.5-b0-s7,report/raw-results/multicast-4x4-8x8/tree_multicast-4x4-g4-f16-r0.5-b0-s7
4x4,16,4,5,common,4,16,0.5,0.0,17,240000.0,154500.0,1.5533980582524272,9600.0,8000.0,0.16666666666666663,0.015615,0.012767,-0.18238872878642332,31.98001249219238,26.14579343801864,report/raw-results/multicast-4x4-8x8/naive_unicast-4x4-g4-f16-r0.5-b0-s17,report/raw-results/multicast-4x4-8x8/tree_multicast-4x4-g4-f16-r0.5-b0-s17
4x4,16,4,5,common,4,16,0.5,0.1,1,325735.0,154500.0,2.10831715210356,11200.0,8000.0,0.2857142857142857,0.011472,0.012767,0.11288354253835431,23.49432144086268,26.14579343801864,report/raw-results/multicast-4x4-8x8/naive_unicast-4x4-g4-f16-r0.5-b0.1-s1,report/raw-results/multicast-4x4-8x8/tree_multicast-4x4-g4-f16-r0.5-b0.1-s1
4x4,16,4,5,common,4,16,0.5,0.1,7,333640.0,155500.0,2.1455948553054665,14400.0,9600.0,0.33333333333333337,0.011203,0.012763,0.13924841560296364,22.94420793188438,26.13911933631142,report/raw-results/multicast-4x4-8x8/naive_unicast-4x4-g4-f16-r0.5-b0.1-s7,report/raw-results/multicast-4x4-8x8/tree_multicast-4x4-g4-f16-r0.5-b0.1-s7
4x4,16,4,5,common,4,16,0.5,0.1,17,244025.0,154500.0,1.5794498381877022,9600.0,8000.0,0.16666666666666663,0.015335,0.012767,-0.16746005868927283,31.406226038951083,26.14579343801864,report/raw-results/multicast-4x4-8x8/naive_unicast-4x4-g4-f16-r0.5-b0.1-s17,report/raw-results/multicast-4x4-8x8/tree_multicast-4x4-g4-f16-r0.5-b0.1-s17
4x4,16,4,5,common,4,16,1.0,0.0,1,320000.0,154500.0,2.071197411003236,11200.0,8000.0,0.2857142857142857,0.011682,0.012767,0.0928779318609827,23.925233644859812,26.14579343801864,report/raw-results/multicast-4x4-8x8/naive_unicast-4x4-g4-f16-r1-b0-s1,report/raw-results/multicast-4x4-8x8/tree_multicast-4x4-g4-f16-r1-b0-s1
4x4,16,4,5,common,4,16,1.0,0.0,7,320000.0,155500.0,2.057877813504823,14400.0,9600.0,0.33333333333333337,0.011682,0.012763,0.09253552473891458,23.925233644859812,26.13911933631142,report/raw-results/multicast-4x4-8x8/naive_unicast-4x4-g4-f16-r1-b0-s7,report/raw-results/multicast-4x4-8x8/tree_multicast-4x4-g4-f16-r1-b0-s7
4x4,16,4,5,common,4,16,1.0,0.0,17,240000.0,154500.0,1.5533980582524272,9600.0,8000.0,0.16666666666666663,0.015615,0.012767,-0.18238872878642332,31.98001249219238,26.14579343801864,report/raw-results/multicast-4x4-8x8/naive_unicast-4x4-g4-f16-r1-b0-s17,report/raw-results/multicast-4x4-8x8/tree_multicast-4x4-g4-f16-r1-b0-s17
4x4,16,4,5,common,4,16,1.0,0.1,1,325735.0,154500.0,2.10831715210356,11200.0,8000.0,0.2857142857142857,0.011472,0.012767,0.11288354253835431,23.49432144086268,26.14579343801864,report/raw-results/multicast-4x4-8x8/naive_unicast-4x4-g4-f16-r1-b0.1-s1,report/raw-results/multicast-4x4-8x8/tree_multicast-4x4-g4-f16-r1-b0.1-s1
4x4,16,4,5,common,4,16,1.0,0.1,7,333640.0,155500.0,2.1455948553054665,14400.0,9600.0,0.33333333333333337,0.011203,0.012763,0.13924841560296364,22.94420793188438,26.13911933631142,report/raw-results/multicast-4x4-8x8/naive_unicast-4x4-g4-f16-r1-b0.1-s7,report/raw-results/multicast-4x4-8x8/tree_multicast-4x4-g4-f16-r1-b0.1-s7
4x4,16,4,5,common,4,16,1.0,0.1,17,244025.0,154500.0,1.5794498381877022,9600.0,8000.0,0.16666666666666663,0.015335,0.012767,-0.16746005868927283,31.406226038951083,26.14579343801864,report/raw-results/multicast-4x4-8x8/naive_unicast-4x4-g4-f16-r1-b0.1-s17,report/raw-results/multicast-4x4-8x8/tree_multicast-4x4-g4-f16-r1-b0.1-s17
4x4,16,4,5,common,8,1,0.1,0.0,1,14500.0,6000.0,2.4166666666666665,1700.0,1000.0,0.4117647058823529,0.049776,0.050201,0.008538251366120297,12.742658038825285,12.85140562248996,report/raw-results/multicast-4x4-8x8/naive_unicast-4x4-g8-f1-r0.1-b0-s1,report/raw-results/multicast-4x4-8x8/tree_multicast-4x4-g8-f1-r0.1-b0-s1
4x4,16,4,5,common,8,1,0.1,0.0,7,14500.0,6000.0,2.4166666666666665,1700.0,1100.0,0.3529411764705882,0.049776,0.050201,0.008538251366120297,12.742658038825285,12.85140562248996,report/raw-results/multicast-4x4-8x8/naive_unicast-4x4-g8-f1-r0.1-b0-s7,report/raw-results/multicast-4x4-8x8/tree_multicast-4x4-g8-f1-r0.1-b0-s7
4x4,16,4,5,common,8,1,0.1,0.0,17,13500.0,6000.0,2.25,1700.0,1000.0,0.4117647058823529,0.049826,0.050201,0.007526191145185157,12.7553562531141,12.85140562248996,report/raw-results/multicast-4x4-8x8/naive_unicast-4x4-g8-f1-r0.1-b0-s17,report/raw-results/multicast-4x4-8x8/tree_multicast-4x4-g8-f1-r0.1-b0-s17
4x4,16,4,5,common,8,1,0.1,0.1,1,14570.0,6000.0,2.4283333333333332,1700.0,1000.0,0.4117647058823529,0.049751,0.050201,0.009045044320717288,12.736318407960198,12.85140562248996,report/raw-results/multicast-4x4-8x8/naive_unicast-4x4-g8-f1-r0.1-b0.1-s1,report/raw-results/multicast-4x4-8x8/tree_multicast-4x4-g8-f1-r0.1-b0.1-s1
4x4,16,4,5,common,8,1,0.1,0.1,7,14585.0,6000.0,2.430833333333333,1700.0,1100.0,0.3529411764705882,0.049776,0.050201,0.008538251366120297,12.742658038825285,12.85140562248996,report/raw-results/multicast-4x4-8x8/naive_unicast-4x4-g8-f1-r0.1-b0.1-s7,report/raw-results/multicast-4x4-8x8/tree_multicast-4x4-g8-f1-r0.1-b0.1-s7
4x4,16,4,5,common,8,1,0.1,0.1,17,13555.0,6000.0,2.2591666666666668,1700.0,1000.0,0.4117647058823529,0.049826,0.050201,0.007526191145185157,12.7553562531141,12.85140562248996,report/raw-results/multicast-4x4-8x8/naive_unicast-4x4-g8-f1-r0.1-b0.1-s17,report/raw-results/multicast-4x4-8x8/tree_multicast-4x4-g8-f1-r0.1-b0.1-s17
4x4,16,4,5,common,8,1,0.5,0.0,1,14500.0,6000.0,2.4166666666666665,1700.0,1000.0,0.4117647058823529,0.055218,0.245098,3.4387337462421677,14.13583655438984,62.745098039215684,report/raw-results/multicast-4x4-8x8/naive_unicast-4x4-g8-f1-r0.5-b0-s1,report/raw-results/multicast-4x4-8x8/tree_multicast-4x4-g8-f1-r0.5-b0-s1
4x4,16,4,5,common,8,1,0.5,0.0,7,14500.0,6000.0,2.4166666666666665,1700.0,1100.0,0.3529411764705882,0.055218,0.245098,3.4387337462421677,14.13583655438984,62.745098039215684,report/raw-results/multicast-4x4-8x8/naive_unicast-4x4-g8-f1-r0.5-b0-s7,report/raw-results/multicast-4x4-8x8/tree_multicast-4x4-g8-f1-r0.5-b0-s7
4x4,16,4,5,common,8,1,0.5,0.0,17,13500.0,6000.0,2.25,1700.0,1000.0,0.4117647058823529,0.062073,0.245098,2.948544455721489,15.890751086281814,62.745098039215684,report/raw-results/multicast-4x4-8x8/naive_unicast-4x4-g8-f1-r0.5-b0-s17,report/raw-results/multicast-4x4-8x8/tree_multicast-4x4-g8-f1-r0.5-b0-s17
4x4,16,4,5,common,8,1,0.5,0.1,1,14570.0,6000.0,2.4283333333333332,1700.0,1000.0,0.4117647058823529,0.055218,0.245098,3.4387337462421677,14.13583655438984,62.745098039215684,report/raw-results/multicast-4x4-8x8/naive_unicast-4x4-g8-f1-r0.5-b0.1-s1,report/raw-results/multicast-4x4-8x8/tree_multicast-4x4-g8-f1-r0.5-b0.1-s1
4x4,16,4,5,common,8,1,0.5,0.1,7,14600.0,6000.0,2.433333333333333,1700.0,1100.0,0.3529411764705882,0.055218,0.245098,3.4387337462421677,14.13583655438984,62.745098039215684,report/raw-results/multicast-4x4-8x8/naive_unicast-4x4-g8-f1-r0.5-b0.1-s7,report/raw-results/multicast-4x4-8x8/tree_multicast-4x4-g8-f1-r0.5-b0.1-s7
4x4,16,4,5,common,8,1,0.5,0.1,17,13590.0,6000.0,2.265,1700.0,1000.0,0.4117647058823529,0.062035,0.245098,2.950963165954703,15.88089330024814,62.745098039215684,report/raw-results/multicast-4x4-8x8/naive_unicast-4x4-g8-f1-r0.5-b0.1-s17,report/raw-results/multicast-4x4-8x8/tree_multicast-4x4-g8-f1-r0.5-b0.1-s17
4x4,16,4,5,common,8,1,1.0,0.0,1,14500.0,6000.0,2.4166666666666665,1700.0,1000.0,0.4117647058823529,0.055218,0.245098,3.4387337462421677,14.13583655438984,62.745098039215684,report/raw-results/multicast-4x4-8x8/naive_unicast-4x4-g8-f1-r1-b0-s1,report/raw-results/multicast-4x4-8x8/tree_multicast-4x4-g8-f1-r1-b0-s1
4x4,16,4,5,common,8,1,1.0,0.0,7,14500.0,6000.0,2.4166666666666665,1700.0,1100.0,0.3529411764705882,0.055218,0.245098,3.4387337462421677,14.13583655438984,62.745098039215684,report/raw-results/multicast-4x4-8x8/naive_unicast-4x4-g8-f1-r1-b0-s7,report/raw-results/multicast-4x4-8x8/tree_multicast-4x4-g8-f1-r1-b0-s7
4x4,16,4,5,common,8,1,1.0,0.0,17,13500.0,6000.0,2.25,1700.0,1000.0,0.4117647058823529,0.062073,0.245098,2.948544455721489,15.890751086281814,62.745098039215684,report/raw-results/multicast-4x4-8x8/naive_unicast-4x4-g8-f1-r1-b0-s17,report/raw-results/multicast-4x4-8x8/tree_multicast-4x4-g8-f1-r1-b0-s17
4x4,16,4,5,common,8,1,1.0,0.1,1,14570.0,6000.0,2.4283333333333332,1700.0,1000.0,0.4117647058823529,0.055218,0.245098,3.4387337462421677,14.13583655438984,62.745098039215684,report/raw-results/multicast-4x4-8x8/naive_unicast-4x4-g8-f1-r1-b0.1-s1,report/raw-results/multicast-4x4-8x8/tree_multicast-4x4-g8-f1-r1-b0.1-s1
4x4,16,4,5,common,8,1,1.0,0.1,7,14600.0,6000.0,2.433333333333333,1700.0,1100.0,0.3529411764705882,0.055218,0.245098,3.4387337462421677,14.13583655438984,62.745098039215684,report/raw-results/multicast-4x4-8x8/naive_unicast-4x4-g8-f1-r1-b0.1-s7,report/raw-results/multicast-4x4-8x8/tree_multicast-4x4-g8-f1-r1-b0.1-s7
4x4,16,4,5,common,8,1,1.0,0.1,17,13590.0,6000.0,2.265,1700.0,1000.0,0.4117647058823529,0.062035,0.245098,2.950963165954703,15.88089330024814,62.745098039215684,report/raw-results/multicast-4x4-8x8/naive_unicast-4x4-g8-f1-r1-b0.1-s17,report/raw-results/multicast-4x4-8x8/tree_multicast-4x4-g8-f1-r1-b0.1-s17
4x4,16,4,5,common,8,4,0.1,0.0,1,160000.0,13500.0,11.851851851851851,6800.0,4000.0,0.4117647058823529,0.023364,0.049826,1.1325971580208871,23.925233644859812,51.0214250124564,report/raw-results/multicast-4x4-8x8/naive_unicast-4x4-g8-f4-r0.1-b0-s1,report/raw-results/multicast-4x4-8x8/tree_multicast-4x4-g8-f4-r0.1-b0-s1
4x4,16,4,5,common,8,4,0.1,0.0,7,160000.0,13500.0,11.851851851851851,6800.0,4400.0,0.3529411764705882,0.023364,0.049826,1.1325971580208871,23.925233644859812,51.0214250124564,report/raw-results/multicast-4x4-8x8/naive_unicast-4x4-g8-f4-r0.1-b0-s7,report/raw-results/multicast-4x4-8x8/tree_multicast-4x4-g8-f4-r0.1-b0-s7
4x4,16,4,5,common,8,4,0.1,0.0,17,140000.0,13500.0,10.37037037037037,6800.0,4000.0,0.4117647058823529,0.026724,0.049826,0.8644663972459212,27.365045430251204,51.0214250124564,report/raw-results/multicast-4x4-8x8/naive_unicast-4x4-g8-f4-r0.1-b0-s17,report/raw-results/multicast-4x4-8x8/tree_multicast-4x4-g8-f4-r0.1-b0-s17
4x4,16,4,5,common,8,4,0.1,0.1,1,162540.0,13500.0,12.04,6800.0,4000.0,0.4117647058823529,0.022983,0.049826,1.167950224078667,23.534819581705356,51.0214250124564,report/raw-results/multicast-4x4-8x8/naive_unicast-4x4-g8-f4-r0.1-b0.1-s1,report/raw-results/multicast-4x4-8x8/tree_multicast-4x4-g8-f4-r0.1-b0.1-s1
4x4,16,4,5,common,8,4,0.1,0.1,7,162215.0,13500.0,12.015925925925925,6800.0,4400.0,0.3529411764705882,0.023004,0.049826,1.1659711354547038,23.556475730388772,51.0214250124564,report/raw-results/multicast-4x4-8x8/naive_unicast-4x4-g8-f4-r0.1-b0.1-s7,report/raw-results/multicast-4x4-8x8/tree_multicast-4x4-g8-f4-r0.1-b0.1-s7
4x4,16,4,5,common,8,4,0.1,0.1,17,141870.0,13500.0,10.508888888888889,6800.0,4000.0,0.4117647058823529,0.026344,0.049826,0.8913604615851809,26.975763962065333,51.0214250124564,report/raw-results/multicast-4x4-8x8/naive_unicast-4x4-g8-f4-r0.1-b0.1-s17,report/raw-results/multicast-4x4-8x8/tree_multicast-4x4-g8-f4-r0.1-b0.1-s17
4x4,16,4,5,common,8,4,0.5,0.0,1,160000.0,35500.0,4.507042253521127,6800.0,4000.0,0.4117647058823529,0.023364,0.060423,1.5861581920903953,23.925233644859812,61.87311178247734,report/raw-results/multicast-4x4-8x8/naive_unicast-4x4-g8-f4-r0.5-b0-s1,report/raw-results/multicast-4x4-8x8/tree_multicast-4x4-g8-f4-r0.5-b0-s1
4x4,16,4,5,common,8,4,0.5,0.0,7,160000.0,35500.0,4.507042253521127,6800.0,4400.0,0.3529411764705882,0.023364,0.060423,1.5861581920903953,23.925233644859812,61.87311178247734,report/raw-results/multicast-4x4-8x8/naive_unicast-4x4-g8-f4-r0.5-b0-s7,report/raw-results/multicast-4x4-8x8/tree_multicast-4x4-g8-f4-r0.5-b0-s7
4x4,16,4,5,common,8,4,0.5,0.0,17,140000.0,35500.0,3.943661971830986,6800.0,4000.0,0.4117647058823529,0.026724,0.060423,1.261001347103727,27.365045430251204,61.87311178247734,report/raw-results/multicast-4x4-8x8/naive_unicast-4x4-g8-f4-r0.5-b0-s17,report/raw-results/multicast-4x4-8x8/tree_multicast-4x4-g8-f4-r0.5-b0-s17
4x4,16,4,5,common,8,4,0.5,0.1,1,162540.0,35500.0,4.5785915492957745,6800.0,4000.0,0.4117647058823529,0.022983,0.060423,1.629030152721577,23.534819581705356,61.87311178247734,report/raw-results/multicast-4x4-8x8/naive_unicast-4x4-g8-f4-r0.5-b0.1-s1,report/raw-results/multicast-4x4-8x8/tree_multicast-4x4-g8-f4-r0.5-b0.1-s1
4x4,16,4,5,common,8,4,0.5,0.1,7,162215.0,35500.0,4.56943661971831,6800.0,4400.0,0.3529411764705882,0.023004,0.060423,1.6266301512780386,23.556475730388772,61.87311178247734,report/raw-results/multicast-4x4-8x8/naive_unicast-4x4-g8-f4-r0.5-b0.1-s7,report/raw-results/multicast-4x4-8x8/tree_multicast-4x4-g8-f4-r0.5-b0.1-s7
4x4,16,4,5,common,8,4,0.5,0.1,17,141870.0,35500.0,3.996338028169014,6800.0,4000.0,0.4117647058823529,0.026344,0.060423,1.293615244457941,26.975763962065333,61.87311178247734,report/raw-results/multicast-4x4-8x8/naive_unicast-4x4-g8-f4-r0.5-b0.1-s17,report/raw-results/multicast-4x4-8x8/tree_multicast-4x4-g8-f4-r0.5-b0.1-s17
4x4,16,4,5,common,8,4,1.0,0.0,1,160000.0,35500.0,4.507042253521127,6800.0,4000.0,0.4117647058823529,0.023364,0.060423,1.5861581920903953,23.925233644859812,61.87311178247734,report/raw-results/multicast-4x4-8x8/naive_unicast-4x4-g8-f4-r1-b0-s1,report/raw-results/multicast-4x4-8x8/tree_multicast-4x4-g8-f4-r1-b0-s1
4x4,16,4,5,common,8,4,1.0,0.0,7,160000.0,35500.0,4.507042253521127,6800.0,4400.0,0.3529411764705882,0.023364,0.060423,1.5861581920903953,23.925233644859812,61.87311178247734,report/raw-results/multicast-4x4-8x8/naive_unicast-4x4-g8-f4-r1-b0-s7,report/raw-results/multicast-4x4-8x8/tree_multicast-4x4-g8-f4-r1-b0-s7
4x4,16,4,5,common,8,4,1.0,0.0,17,140000.0,35500.0,3.943661971830986,6800.0,4000.0,0.4117647058823529,0.026724,0.060423,1.261001347103727,27.365045430251204,61.87311178247734,report/raw-results/multicast-4x4-8x8/naive_unicast-4x4-g8-f4-r1-b0-s17,report/raw-results/multicast-4x4-8x8/tree_multicast-4x4-g8-f4-r1-b0-s17
4x4,16,4,5,common,8,4,1.0,0.1,1,162540.0,35500.0,4.5785915492957745,6800.0,4000.0,0.4117647058823529,0.022983,0.060423,1.629030152721577,23.534819581705356,61.87311178247734,report/raw-results/multicast-4x4-8x8/naive_unicast-4x4-g8-f4-r1-b0.1-s1,report/raw-results/multicast-4x4-8x8/tree_multicast-4x4-g8-f4-r1-b0.1-s1
4x4,16,4,5,common,8,4,1.0,0.1,7,162215.0,35500.0,4.56943661971831,6800.0,4400.0,0.3529411764705882,0.023004,0.060423,1.6266301512780386,23.556475730388772,61.87311178247734,report/raw-results/multicast-4x4-8x8/naive_unicast-4x4-g8-f4-r1-b0.1-s7,report/raw-results/multicast-4x4-8x8/tree_multicast-4x4-g8-f4-r1-b0.1-s7
4x4,16,4,5,common,8,4,1.0,0.1,17,141870.0,35500.0,3.996338028169014,6800.0,4000.0,0.4117647058823529,0.026344,0.060423,1.293615244457941,26.975763962065333,61.87311178247734,report/raw-results/multicast-4x4-8x8/naive_unicast-4x4-g8-f4-r1-b0.1-s17,report/raw-results/multicast-4x4-8x8/tree_multicast-4x4-g8-f4-r1-b0.1-s17
4x4,16,4,5,common,8,16,0.1,0.0,1,640000.0,155500.0,4.115755627009646,27200.0,16000.0,0.4117647058823529,0.005841,0.012763,1.1850710494778292,23.925233644859812,52.27823867262284,report/raw-results/multicast-4x4-8x8/naive_unicast-4x4-g8-f16-r0.1-b0-s1,report/raw-results/multicast-4x4-8x8/tree_multicast-4x4-g8-f16-r0.1-b0-s1
4x4,16,4,5,common,8,16,0.1,0.0,7,640000.0,155500.0,4.115755627009646,27200.0,17600.0,0.3529411764705882,0.005841,0.012763,1.1850710494778292,23.925233644859812,52.27823867262284,report/raw-results/multicast-4x4-8x8/naive_unicast-4x4-g8-f16-r0.1-b0-s7,report/raw-results/multicast-4x4-8x8/tree_multicast-4x4-g8-f16-r0.1-b0-s7
4x4,16,4,5,common,8,16,0.1,0.0,17,560000.0,155500.0,3.6012861736334405,27200.0,16000.0,0.4117647058823529,0.006684,0.012763,0.9094853381208858,27.376019248763537,52.27823867262284,report/raw-results/multicast-4x4-8x8/naive_unicast-4x4-g8-f16-r0.1-b0-s17,report/raw-results/multicast-4x4-8x8/tree_multicast-4x4-g8-f16-r0.1-b0-s17
4x4,16,4,5,common,8,16,0.1,0.1,1,648940.0,155500.0,4.173247588424437,27200.0,16000.0,0.4117647058823529,0.005758,0.012763,1.2165682528655783,23.58495998157425,52.27823867262284,report/raw-results/multicast-4x4-8x8/naive_unicast-4x4-g8-f16-r0.1-b0.1-s1,report/raw-results/multicast-4x4-8x8/tree_multicast-4x4-g8-f16-r0.1-b0.1-s1
4x4,16,4,5,common,8,16,0.1,0.1,7,648635.0,155500.0,4.17128617363344,27200.0,17600.0,0.3529411764705882,0.005761,0.012763,1.2154139906266272,23.59718861620002,52.27823867262284,report/raw-results/multicast-4x4-8x8/naive_unicast-4x4-g8-f16-r0.1-b0.1-s7,report/raw-results/multicast-4x4-8x8/tree_multicast-4x4-g8-f16-r0.1-b0.1-s7
4x4,16,4,5,common,8,16,0.1,0.1,17,568045.0,155500.0,3.6530225080385854,27200.0,16000.0,0.4117647058823529,0.006584,0.012763,0.938487241798299,26.968659468001054,52.27823867262284,report/raw-results/multicast-4x4-8x8/naive_unicast-4x4-g8-f16-r0.1-b0.1-s17,report/raw-results/multicast-4x4-8x8/tree_multicast-4x4-g8-f16-r0.1-b0.1-s17
4x4,16,4,5,common,8,16,0.5,0.0,1,640000.0,155500.0,4.115755627009646,27200.0,16000.0,0.4117647058823529,0.005841,0.012763,1.1850710494778292,23.925233644859812,52.27823867262284,report/raw-results/multicast-4x4-8x8/naive_unicast-4x4-g8-f16-r0.5-b0-s1,report/raw-results/multicast-4x4-8x8/tree_multicast-4x4-g8-f16-r0.5-b0-s1
4x4,16,4,5,common,8,16,0.5,0.0,7,640000.0,155500.0,4.115755627009646,27200.0,17600.0,0.3529411764705882,0.005841,0.012763,1.1850710494778292,23.925233644859812,52.27823867262284,report/raw-results/multicast-4x4-8x8/naive_unicast-4x4-g8-f16-r0.5-b0-s7,report/raw-results/multicast-4x4-8x8/tree_multicast-4x4-g8-f16-r0.5-b0-s7
4x4,16,4,5,common,8,16,0.5,0.0,17,560000.0,155500.0,3.6012861736334405,27200.0,16000.0,0.4117647058823529,0.006684,0.012763,0.9094853381208858,27.376019248763537,52.27823867262284,report/raw-results/multicast-4x4-8x8/naive_unicast-4x4-g8-f16-r0.5-b0-s17,report/raw-results/multicast-4x4-8x8/tree_multicast-4x4-g8-f16-r0.5-b0-s17
4x4,16,4,5,common,8,16,0.5,0.1,1,648940.0,155500.0,4.173247588424437,27200.0,16000.0,0.4117647058823529,0.005758,0.012763,1.2165682528655783,23.58495998157425,52.27823867262284,report/raw-results/multicast-4x4-8x8/naive_unicast-4x4-g8-f16-r0.5-b0.1-s1,report/raw-results/multicast-4x4-8x8/tree_multicast-4x4-g8-f16-r0.5-b0.1-s1
4x4,16,4,5,common,8,16,0.5,0.1,7,648635.0,155500.0,4.17128617363344,27200.0,17600.0,0.3529411764705882,0.005761,0.012763,1.2154139906266272,23.59718861620002,52.27823867262284,report/raw-results/multicast-4x4-8x8/naive_unicast-4x4-g8-f16-r0.5-b0.1-s7,report/raw-results/multicast-4x4-8x8/tree_multicast-4x4-g8-f16-r0.5-b0.1-s7
4x4,16,4,5,common,8,16,0.5,0.1,17,568045.0,155500.0,3.6530225080385854,27200.0,16000.0,0.4117647058823529,0.006584,0.012763,0.938487241798299,26.968659468001054,52.27823867262284,report/raw-results/multicast-4x4-8x8/naive_unicast-4x4-g8-f16-r0.5-b0.1-s17,report/raw-results/multicast-4x4-8x8/tree_multicast-4x4-g8-f16-r0.5-b0.1-s17
4x4,16,4,5,common,8,16,1.0,0.0,1,640000.0,155500.0,4.115755627009646,27200.0,16000.0,0.4117647058823529,0.005841,0.012763,1.1850710494778292,23.925233644859812,52.27823867262284,report/raw-results/multicast-4x4-8x8/naive_unicast-4x4-g8-f16-r1-b0-s1,report/raw-results/multicast-4x4-8x8/tree_multicast-4x4-g8-f16-r1-b0-s1
4x4,16,4,5,common,8,16,1.0,0.0,7,640000.0,155500.0,4.115755627009646,27200.0,17600.0,0.3529411764705882,0.005841,0.012763,1.1850710494778292,23.925233644859812,52.27823867262284,report/raw-results/multicast-4x4-8x8/naive_unicast-4x4-g8-f16-r1-b0-s7,report/raw-results/multicast-4x4-8x8/tree_multicast-4x4-g8-f16-r1-b0-s7
4x4,16,4,5,common,8,16,1.0,0.0,17,560000.0,155500.0,3.6012861736334405,27200.0,16000.0,0.4117647058823529,0.006684,0.012763,0.9094853381208858,27.376019248763537,52.27823867262284,report/raw-results/multicast-4x4-8x8/naive_unicast-4x4-g8-f16-r1-b0-s17,report/raw-results/multicast-4x4-8x8/tree_multicast-4x4-g8-f16-r1-b0-s17
4x4,16,4,5,common,8,16,1.0,0.1,1,648940.0,155500.0,4.173247588424437,27200.0,16000.0,0.4117647058823529,0.005758,0.012763,1.2165682528655783,23.58495998157425,52.27823867262284,report/raw-results/multicast-4x4-8x8/naive_unicast-4x4-g8-f16-r1-b0.1-s1,report/raw-results/multicast-4x4-8x8/tree_multicast-4x4-g8-f16-r1-b0.1-s1
4x4,16,4,5,common,8,16,1.0,0.1,7,648635.0,155500.0,4.17128617363344,27200.0,17600.0,0.3529411764705882,0.005761,0.012763,1.2154139906266272,23.59718861620002,52.27823867262284,report/raw-results/multicast-4x4-8x8/naive_unicast-4x4-g8-f16-r1-b0.1-s7,report/raw-results/multicast-4x4-8x8/tree_multicast-4x4-g8-f16-r1-b0.1-s7
4x4,16,4,5,common,8,16,1.0,0.1,17,568045.0,155500.0,3.6530225080385854,27200.0,16000.0,0.4117647058823529,0.006584,0.012763,0.938487241798299,26.968659468001054,52.27823867262284,report/raw-results/multicast-4x4-8x8/naive_unicast-4x4-g8-f16-r1-b0.1-s17,report/raw-results/multicast-4x4-8x8/tree_multicast-4x4-g8-f16-r1-b0.1-s17
4x4,16,4,5,common,16,1,0.1,0.0,1,21500.0,6000.0,3.5833333333333335,3200.0,1500.0,0.53125,0.031143,0.050201,0.6119513213242143,15.945188414824042,25.70281124497992,report/raw-results/multicast-4x4-8x8/naive_unicast-4x4-g16-f1-r0.1-b0-s1,report/raw-results/multicast-4x4-8x8/tree_multicast-4x4-g16-f1-r0.1-b0-s1
4x4,16,4,5,common,16,1,0.1,0.0,7,21500.0,6000.0,3.5833333333333335,3200.0,1500.0,0.53125,0.031143,0.050201,0.6119513213242143,15.945188414824042,25.70281124497992,report/raw-results/multicast-4x4-8x8/naive_unicast-4x4-g16-f1-r0.1-b0-s7,report/raw-results/multicast-4x4-8x8/tree_multicast-4x4-g16-f1-r0.1-b0-s7
4x4,16,4,5,common,16,1,0.1,0.0,17,21500.0,6000.0,3.5833333333333335,3200.0,1500.0,0.53125,0.031143,0.050201,0.6119513213242143,15.945188414824042,25.70281124497992,report/raw-results/multicast-4x4-8x8/naive_unicast-4x4-g16-f1-r0.1-b0-s17,report/raw-results/multicast-4x4-8x8/tree_multicast-4x4-g16-f1-r0.1-b0-s17
4x4,16,4,5,common,16,1,0.1,0.1,1,21560.0,6000.0,3.5933333333333333,3200.0,1500.0,0.53125,0.031143,0.050201,0.6119513213242143,15.945188414824042,25.70281124497992,report/raw-results/multicast-4x4-8x8/naive_unicast-4x4-g16-f1-r0.1-b0.1-s1,report/raw-results/multicast-4x4-8x8/tree_multicast-4x4-g16-f1-r0.1-b0.1-s1
4x4,16,4,5,common,16,1,0.1,0.1,7,21570.0,6000.0,3.595,3200.0,1500.0,0.53125,0.031124,0.050201,0.6129353553527825,15.935262994086523,25.70281124497992,report/raw-results/multicast-4x4-8x8/naive_unicast-4x4-g16-f1-r0.1-b0.1-s7,report/raw-results/multicast-4x4-8x8/tree_multicast-4x4-g16-f1-r0.1-b0.1-s7
4x4,16,4,5,common,16,1,0.1,0.1,17,21575.0,6000.0,3.595833333333333,3200.0,1500.0,0.53125,0.031143,0.050201,0.6119513213242143,15.945188414824042,25.70281124497992,report/raw-results/multicast-4x4-8x8/naive_unicast-4x4-g16-f1-r0.1-b0.1-s17,report/raw-results/multicast-4x4-8x8/tree_multicast-4x4-g16-f1-r0.1-b0.1-s17
4x4,16,4,5,common,16,1,0.5,0.0,1,21500.0,6000.0,3.5833333333333335,3200.0,1500.0,0.53125,0.031143,0.245098,6.870083164756125,15.945188414824042,125.49019607843137,report/raw-results/multicast-4x4-8x8/naive_unicast-4x4-g16-f1-r0.5-b0-s1,report/raw-results/multicast-4x4-8x8/tree_multicast-4x4-g16-f1-r0.5-b0-s1
4x4,16,4,5,common,16,1,0.5,0.0,7,21500.0,6000.0,3.5833333333333335,3200.0,1500.0,0.53125,0.031143,0.245098,6.870083164756125,15.945188414824042,125.49019607843137,report/raw-results/multicast-4x4-8x8/naive_unicast-4x4-g16-f1-r0.5-b0-s7,report/raw-results/multicast-4x4-8x8/tree_multicast-4x4-g16-f1-r0.5-b0-s7
4x4,16,4,5,common,16,1,0.5,0.0,17,21500.0,6000.0,3.5833333333333335,3200.0,1500.0,0.53125,0.031143,0.245098,6.870083164756125,15.945188414824042,125.49019607843137,report/raw-results/multicast-4x4-8x8/naive_unicast-4x4-g16-f1-r0.5-b0-s17,report/raw-results/multicast-4x4-8x8/tree_multicast-4x4-g16-f1-r0.5-b0-s17
4x4,16,4,5,common,16,1,0.5,0.1,1,21560.0,6000.0,3.5933333333333333,3200.0,1500.0,0.53125,0.031143,0.245098,6.870083164756125,15.945188414824042,125.49019607843137,report/raw-results/multicast-4x4-8x8/naive_unicast-4x4-g16-f1-r0.5-b0.1-s1,report/raw-results/multicast-4x4-8x8/tree_multicast-4x4-g16-f1-r0.5-b0.1-s1
4x4,16,4,5,common,16,1,0.5,0.1,7,21570.0,6000.0,3.595,3200.0,1500.0,0.53125,0.031124,0.245098,6.874887546587843,15.935262994086523,125.49019607843137,report/raw-results/multicast-4x4-8x8/naive_unicast-4x4-g16-f1-r0.5-b0.1-s7,report/raw-results/multicast-4x4-8x8/tree_multicast-4x4-g16-f1-r0.5-b0.1-s7
4x4,16,4,5,common,16,1,0.5,0.1,17,21575.0,6000.0,3.595833333333333,3200.0,1500.0,0.53125,0.031143,0.245098,6.870083164756125,15.945188414824042,125.49019607843137,report/raw-results/multicast-4x4-8x8/naive_unicast-4x4-g16-f1-r0.5-b0.1-s17,report/raw-results/multicast-4x4-8x8/tree_multicast-4x4-g16-f1-r0.5-b0.1-s17
4x4,16,4,5,common,16,1,1.0,0.0,1,21500.0,6000.0,3.5833333333333335,3200.0,1500.0,0.53125,0.031143,0.245098,6.870083164756125,15.945188414824042,125.49019607843137,report/raw-results/multicast-4x4-8x8/naive_unicast-4x4-g16-f1-r1-b0-s1,report/raw-results/multicast-4x4-8x8/tree_multicast-4x4-g16-f1-r1-b0-s1
4x4,16,4,5,common,16,1,1.0,0.0,7,21500.0,6000.0,3.5833333333333335,3200.0,1500.0,0.53125,0.031143,0.245098,6.870083164756125,15.945188414824042,125.49019607843137,report/raw-results/multicast-4x4-8x8/naive_unicast-4x4-g16-f1-r1-b0-s7,report/raw-results/multicast-4x4-8x8/tree_multicast-4x4-g16-f1-r1-b0-s7
4x4,16,4,5,common,16,1,1.0,0.0,17,21500.0,6000.0,3.5833333333333335,3200.0,1500.0,0.53125,0.031143,0.245098,6.870083164756125,15.945188414824042,125.49019607843137,report/raw-results/multicast-4x4-8x8/naive_unicast-4x4-g16-f1-r1-b0-s17,report/raw-results/multicast-4x4-8x8/tree_multicast-4x4-g16-f1-r1-b0-s17
4x4,16,4,5,common,16,1,1.0,0.1,1,21560.0,6000.0,3.5933333333333333,3200.0,1500.0,0.53125,0.031143,0.245098,6.870083164756125,15.945188414824042,125.49019607843137,report/raw-results/multicast-4x4-8x8/naive_unicast-4x4-g16-f1-r1-b0.1-s1,report/raw-results/multicast-4x4-8x8/tree_multicast-4x4-g16-f1-r1-b0.1-s1
4x4,16,4,5,common,16,1,1.0,0.1,7,21570.0,6000.0,3.595,3200.0,1500.0,0.53125,0.031124,0.245098,6.874887546587843,15.935262994086523,125.49019607843137,report/raw-results/multicast-4x4-8x8/naive_unicast-4x4-g16-f1-r1-b0.1-s7,report/raw-results/multicast-4x4-8x8/tree_multicast-4x4-g16-f1-r1-b0.1-s7
4x4,16,4,5,common,16,1,1.0,0.1,17,21575.0,6000.0,3.595833333333333,3200.0,1500.0,0.53125,0.031143,0.245098,6.870083164756125,15.945188414824042,125.49019607843137,report/raw-results/multicast-4x4-8x8/naive_unicast-4x4-g16-f1-r1-b0.1-s17,report/raw-results/multicast-4x4-8x8/tree_multicast-4x4-g16-f1-r1-b0.1-s17
4x4,16,4,5,common,16,4,0.1,0.0,1,300000.0,13500.0,22.22222222222222,12800.0,6000.0,0.53125,0.012466,0.049826,2.9969517086475217,25.529793069060087,102.0428500249128,report/raw-results/multicast-4x4-8x8/naive_unicast-4x4-g16-f4-r0.1-b0-s1,report/raw-results/multicast-4x4-8x8/tree_multicast-4x4-g16-f4-r0.1-b0-s1
4x4,16,4,5,common,16,4,0.1,0.0,7,300000.0,13500.0,22.22222222222222,12800.0,6000.0,0.53125,0.012466,0.049826,2.9969517086475217,25.529793069060087,102.0428500249128,report/raw-results/multicast-4x4-8x8/naive_unicast-4x4-g16-f4-r0.1-b0-s7,report/raw-results/multicast-4x4-8x8/tree_multicast-4x4-g16-f4-r0.1-b0-s7
4x4,16,4,5,common,16,4,0.1,0.0,17,300000.0,13500.0,22.22222222222222,12800.0,6000.0,0.53125,0.012466,0.049826,2.9969517086475217,25.529793069060087,102.0428500249128,report/raw-results/multicast-4x4-8x8/naive_unicast-4x4-g16-f4-r0.1-b0-s17,report/raw-results/multicast-4x4-8x8/tree_multicast-4x4-g16-f4-r0.1-b0-s17
4x4,16,4,5,common,16,4,0.1,0.1,1,303380.0,13500.0,22.472592592592594,12800.0,6000.0,0.53125,0.012318,0.049826,3.0449748335768794,25.22788864252279,102.0428500249128,report/raw-results/multicast-4x4-8x8/naive_unicast-4x4-g16-f4-r0.1-b0.1-s1,report/raw-results/multicast-4x4-8x8/tree_multicast-4x4-g16-f4-r0.1-b0.1-s1
4x4,16,4,5,common,16,4,0.1,0.1,7,303910.0,13500.0,22.51185185185185,12800.0,6000.0,0.53125,0.012297,0.049826,3.0518825729852805,25.18445646827349,102.0428500249128,report/raw-results/multicast-4x4-8x8/naive_unicast-4x4-g16-f4-r0.1-b0.1-s7,report/raw-results/multicast-4x4-8x8/tree_multicast-4x4-g16-f4-r0.1-b0.1-s7
4x4,16,4,5,common,16,4,0.1,0.1,17,303890.0,13500.0,22.51037037037037,12800.0,6000.0,0.53125,0.012296,0.049826,3.052212101496422,25.181359891798845,102.0428500249128,report/raw-results/multicast-4x4-8x8/naive_unicast-4x4-g16-f4-r0.1-b0.1-s17,report/raw-results/multicast-4x4-8x8/tree_multicast-4x4-g16-f4-r0.1-b0.1-s17
4x4,16,4,5,common,16,4,0.5,0.0,1,300000.0,35500.0,8.450704225352112,12800.0,6000.0,0.53125,0.012466,0.060423,3.8470239050216586,25.529793069060087,123.74622356495468,report/raw-results/multicast-4x4-8x8/naive_unicast-4x4-g16-f4-r0.5-b0-s1,report/raw-results/multicast-4x4-8x8/tree_multicast-4x4-g16-f4-r0.5-b0-s1
4x4,16,4,5,common,16,4,0.5,0.0,7,300000.0,35500.0,8.450704225352112,12800.0,6000.0,0.53125,0.012466,0.060423,3.8470239050216586,25.529793069060087,123.74622356495468,report/raw-results/multicast-4x4-8x8/naive_unicast-4x4-g16-f4-r0.5-b0-s7,report/raw-results/multicast-4x4-8x8/tree_multicast-4x4-g16-f4-r0.5-b0-s7
4x4,16,4,5,common,16,4,0.5,0.0,17,300000.0,35500.0,8.450704225352112,12800.0,6000.0,0.53125,0.012466,0.060423,3.8470239050216586,25.529793069060087,123.74622356495468,report/raw-results/multicast-4x4-8x8/naive_unicast-4x4-g16-f4-r0.5-b0-s17,report/raw-results/multicast-4x4-8x8/tree_multicast-4x4-g16-f4-r0.5-b0-s17
4x4,16,4,5,common,16,4,0.5,0.1,1,303380.0,35500.0,8.545915492957747,12800.0,6000.0,0.53125,0.012318,0.060423,3.9052605942523133,25.22788864252279,123.74622356495468,report/raw-results/multicast-4x4-8x8/naive_unicast-4x4-g16-f4-r0.5-b0.1-s1,report/raw-results/multicast-4x4-8x8/tree_multicast-4x4-g16-f4-r0.5-b0.1-s1
4x4,16,4,5,common,16,4,0.5,0.1,7,303910.0,35500.0,8.560845070422536,12800.0,6000.0,0.53125,0.012297,0.060423,3.9136374725542815,25.18445646827349,123.74622356495468,report/raw-results/multicast-4x4-8x8/naive_unicast-4x4-g16-f4-r0.5-b0.1-s7,report/raw-results/multicast-4x4-8x8/tree_multicast-4x4-g16-f4-r0.5-b0.1-s7
4x4,16,4,5,common,16,4,0.5,0.1,17,303890.0,35500.0,8.560281690140846,12800.0,6000.0,0.53125,0.012296,0.060423,3.9140370852309694,25.181359891798845,123.74622356495468,report/raw-results/multicast-4x4-8x8/naive_unicast-4x4-g16-f4-r0.5-b0.1-s17,report/raw-results/multicast-4x4-8x8/tree_multicast-4x4-g16-f4-r0.5-b0.1-s17
4x4,16,4,5,common,16,4,1.0,0.0,1,300000.0,35500.0,8.450704225352112,12800.0,6000.0,0.53125,0.012466,0.060423,3.8470239050216586,25.529793069060087,123.74622356495468,report/raw-results/multicast-4x4-8x8/naive_unicast-4x4-g16-f4-r1-b0-s1,report/raw-results/multicast-4x4-8x8/tree_multicast-4x4-g16-f4-r1-b0-s1
4x4,16,4,5,common,16,4,1.0,0.0,7,300000.0,35500.0,8.450704225352112,12800.0,6000.0,0.53125,0.012466,0.060423,3.8470239050216586,25.529793069060087,123.74622356495468,report/raw-results/multicast-4x4-8x8/naive_unicast-4x4-g16-f4-r1-b0-s7,report/raw-results/multicast-4x4-8x8/tree_multicast-4x4-g16-f4-r1-b0-s7
4x4,16,4,5,common,16,4,1.0,0.0,17,300000.0,35500.0,8.450704225352112,12800.0,6000.0,0.53125,0.012466,0.060423,3.8470239050216586,25.529793069060087,123.74622356495468,report/raw-results/multicast-4x4-8x8/naive_unicast-4x4-g16-f4-r1-b0-s17,report/raw-results/multicast-4x4-8x8/tree_multicast-4x4-g16-f4-r1-b0-s17
4x4,16,4,5,common,16,4,1.0,0.1,1,303380.0,35500.0,8.545915492957747,12800.0,6000.0,0.53125,0.012318,0.060423,3.9052605942523133,25.22788864252279,123.74622356495468,report/raw-results/multicast-4x4-8x8/naive_unicast-4x4-g16-f4-r1-b0.1-s1,report/raw-results/multicast-4x4-8x8/tree_multicast-4x4-g16-f4-r1-b0.1-s1
4x4,16,4,5,common,16,4,1.0,0.1,7,303910.0,35500.0,8.560845070422536,12800.0,6000.0,0.53125,0.012297,0.060423,3.9136374725542815,25.18445646827349,123.74622356495468,report/raw-results/multicast-4x4-8x8/naive_unicast-4x4-g16-f4-r1-b0.1-s7,report/raw-results/multicast-4x4-8x8/tree_multicast-4x4-g16-f4-r1-b0.1-s7
4x4,16,4,5,common,16,4,1.0,0.1,17,303890.0,35500.0,8.560281690140846,12800.0,6000.0,0.53125,0.012296,0.060423,3.9140370852309694,25.181359891798845,123.74622356495468,report/raw-results/multicast-4x4-8x8/naive_unicast-4x4-g16-f4-r1-b0.1-s17,report/raw-results/multicast-4x4-8x8/tree_multicast-4x4-g16-f4-r1-b0.1-s17
4x4,16,4,5,common,16,16,0.1,0.0,1,1200000.0,155500.0,7.717041800643087,51200.0,24000.0,0.53125,0.003117,0.012763,3.0946422842476737,25.534567670344742,104.55647734524568,report/raw-results/multicast-4x4-8x8/naive_unicast-4x4-g16-f16-r0.1-b0-s1,report/raw-results/multicast-4x4-8x8/tree_multicast-4x4-g16-f16-r0.1-b0-s1
4x4,16,4,5,common,16,16,0.1,0.0,7,1200000.0,155500.0,7.717041800643087,51200.0,24000.0,0.53125,0.003117,0.012763,3.0946422842476737,25.534567670344742,104.55647734524568,report/raw-results/multicast-4x4-8x8/naive_unicast-4x4-g16-f16-r0.1-b0-s7,report/raw-results/multicast-4x4-8x8/tree_multicast-4x4-g16-f16-r0.1-b0-s7
4x4,16,4,5,common,16,16,0.1,0.0,17,1200000.0,155500.0,7.717041800643087,51200.0,24000.0,0.53125,0.003117,0.012763,3.0946422842476737,25.534567670344742,104.55647734524568,report/raw-results/multicast-4x4-8x8/naive_unicast-4x4-g16-f16-r0.1-b0-s17,report/raw-results/multicast-4x4-8x8/tree_multicast-4x4-g16-f16-r0.1-b0-s17
4x4,16,4,5,common,16,16,0.1,0.1,1,1216510.0,155500.0,7.823215434083601,51200.0,24000.0,0.53125,0.003074,0.012763,3.1519193233571894,25.18445646827349,104.55647734524568,report/raw-results/multicast-4x4-8x8/naive_unicast-4x4-g16-f16-r0.1-b0.1-s1,report/raw-results/multicast-4x4-8x8/tree_multicast-4x4-g16-f16-r0.1-b0.1-s1
4x4,16,4,5,common,16,16,0.1,0.1,7,1217065.0,155500.0,7.826784565916399,51200.0,24000.0,0.53125,0.003073,0.012763,3.153270419785226,25.170527868248016,104.55647734524568,report/raw-results/multicast-4x4-8x8/naive_unicast-4x4-g16-f16-r0.1-b0.1-s7,report/raw-results/multicast-4x4-8x8/tree_multicast-4x4-g16-f16-r0.1-b0.1-s7
4x4,16,4,5,common,16,16,0.1,0.1,17,1217585.0,155500.0,7.830128617363344,51200.0,24000.0,0.53125,0.003071,0.012763,3.1559752523607942,25.159705159705158,104.55647734524568,report/raw-results/multicast-4x4-8x8/naive_unicast-4x4-g16-f16-r0.1-b0.1-s17,report/raw-results/multicast-4x4-8x8/tree_multicast-4x4-g16-f16-r0.1-b0.1-s17
4x4,16,4,5,common,16,16,0.5,0.0,1,1200000.0,155500.0,7.717041800643087,51200.0,24000.0,0.53125,0.003117,0.012763,3.0946422842476737,25.534567670344742,104.55647734524568,report/raw-results/multicast-4x4-8x8/naive_unicast-4x4-g16-f16-r0.5-b0-s1,report/raw-results/multicast-4x4-8x8/tree_multicast-4x4-g16-f16-r0.5-b0-s1
4x4,16,4,5,common,16,16,0.5,0.0,7,1200000.0,155500.0,7.717041800643087,51200.0,24000.0,0.53125,0.003117,0.012763,3.0946422842476737,25.534567670344742,104.55647734524568,report/raw-results/multicast-4x4-8x8/naive_unicast-4x4-g16-f16-r0.5-b0-s7,report/raw-results/multicast-4x4-8x8/tree_multicast-4x4-g16-f16-r0.5-b0-s7
4x4,16,4,5,common,16,16,0.5,0.0,17,1200000.0,155500.0,7.717041800643087,51200.0,24000.0,0.53125,0.003117,0.012763,3.0946422842476737,25.534567670344742,104.55647734524568,report/raw-results/multicast-4x4-8x8/naive_unicast-4x4-g16-f16-r0.5-b0-s17,report/raw-results/multicast-4x4-8x8/tree_multicast-4x4-g16-f16-r0.5-b0-s17
4x4,16,4,5,common,16,16,0.5,0.1,1,1216510.0,155500.0,7.823215434083601,51200.0,24000.0,0.53125,0.003074,0.012763,3.1519193233571894,25.18445646827349,104.55647734524568,report/raw-results/multicast-4x4-8x8/naive_unicast-4x4-g16-f16-r0.5-b0.1-s1,report/raw-results/multicast-4x4-8x8/tree_multicast-4x4-g16-f16-r0.5-b0.1-s1
4x4,16,4,5,common,16,16,0.5,0.1,7,1217065.0,155500.0,7.826784565916399,51200.0,24000.0,0.53125,0.003073,0.012763,3.153270419785226,25.170527868248016,104.55647734524568,report/raw-results/multicast-4x4-8x8/naive_unicast-4x4-g16-f16-r0.5-b0.1-s7,report/raw-results/multicast-4x4-8x8/tree_multicast-4x4-g16-f16-r0.5-b0.1-s7
4x4,16,4,5,common,16,16,0.5,0.1,17,1217585.0,155500.0,7.830128617363344,51200.0,24000.0,0.53125,0.003071,0.012763,3.1559752523607942,25.159705159705158,104.55647734524568,report/raw-results/multicast-4x4-8x8/naive_unicast-4x4-g16-f16-r0.5-b0.1-s17,report/raw-results/multicast-4x4-8x8/tree_multicast-4x4-g16-f16-r0.5-b0.1-s17
4x4,16,4,5,common,16,16,1.0,0.0,1,1200000.0,155500.0,7.717041800643087,51200.0,24000.0,0.53125,0.003117,0.012763,3.0946422842476737,25.534567670344742,104.55647734524568,report/raw-results/multicast-4x4-8x8/naive_unicast-4x4-g16-f16-r1-b0-s1,report/raw-results/multicast-4x4-8x8/tree_multicast-4x4-g16-f16-r1-b0-s1
4x4,16,4,5,common,16,16,1.0,0.0,7,1200000.0,155500.0,7.717041800643087,51200.0,24000.0,0.53125,0.003117,0.012763,3.0946422842476737,25.534567670344742,104.55647734524568,report/raw-results/multicast-4x4-8x8/naive_unicast-4x4-g16-f16-r1-b0-s7,report/raw-results/multicast-4x4-8x8/tree_multicast-4x4-g16-f16-r1-b0-s7
4x4,16,4,5,common,16,16,1.0,0.0,17,1200000.0,155500.0,7.717041800643087,51200.0,24000.0,0.53125,0.003117,0.012763,3.0946422842476737,25.534567670344742,104.55647734524568,report/raw-results/multicast-4x4-8x8/naive_unicast-4x4-g16-f16-r1-b0-s17,report/raw-results/multicast-4x4-8x8/tree_multicast-4x4-g16-f16-r1-b0-s17
4x4,16,4,5,common,16,16,1.0,0.1,1,1216510.0,155500.0,7.823215434083601,51200.0,24000.0,0.53125,0.003074,0.012763,3.1519193233571894,25.18445646827349,104.55647734524568,report/raw-results/multicast-4x4-8x8/naive_unicast-4x4-g16-f16-r1-b0.1-s1,report/raw-results/multicast-4x4-8x8/tree_multicast-4x4-g16-f16-r1-b0.1-s1
4x4,16,4,5,common,16,16,1.0,0.1,7,1217065.0,155500.0,7.826784565916399,51200.0,24000.0,0.53125,0.003073,0.012763,3.153270419785226,25.170527868248016,104.55647734524568,report/raw-results/multicast-4x4-8x8/naive_unicast-4x4-g16-f16-r1-b0.1-s7,report/raw-results/multicast-4x4-8x8/tree_multicast-4x4-g16-f16-r1-b0.1-s7
4x4,16,4,5,common,16,16,1.0,0.1,17,1217585.0,155500.0,7.830128617363344,51200.0,24000.0,0.53125,0.003071,0.012763,3.1559752523607942,25.159705159705158,104.55647734524568,report/raw-results/multicast-4x4-8x8/naive_unicast-4x4-g16-f16-r1-b0.1-s17,report/raw-results/multicast-4x4-8x8/tree_multicast-4x4-g16-f16-r1-b0.1-s17
8x8,64,8,27,common,4,1,0.1,0.0,1,10500.0,8000.0,1.3125,1800.0,1300.0,0.2777777777777778,0.049975,0.0501,0.00250125062531259,6.3968015992004,6.412825651302605,report/raw-results/multicast-4x4-8x8/naive_unicast-8x8-g4-f1-r0.1-b0-s1,report/raw-results/multicast-4x4-8x8/tree_multicast-8x8-g4-f1-r0.1-b0-s1
8x8,64,8,27,common,4,1,0.1,0.0,7,10500.0,8000.0,1.3125,1500.0,1400.0,0.06666666666666665,0.049975,0.0501,0.00250125062531259,6.3968015992004,6.412825651302605,report/raw-results/multicast-4x4-8x8/naive_unicast-8x8-g4-f1-r0.1-b0-s7,report/raw-results/multicast-4x4-8x8/tree_multicast-8x8-g4-f1-r0.1-b0-s7
8x8,64,8,27,common,4,1,0.1,0.0,17,11500.0,7000.0,1.6428571428571428,1700.0,800.0,0.5294117647058824,0.049925,0.05015,0.004506760140210453,6.390414378432351,6.419257773319959,report/raw-results/multicast-4x4-8x8/naive_unicast-8x8-g4-f1-r0.1-b0-s17,report/raw-results/multicast-4x4-8x8/tree_multicast-8x8-g4-f1-r0.1-b0-s17
8x8,64,8,27,common,4,1,0.1,0.1,1,10680.0,8000.0,1.335,1800.0,1300.0,0.2777777777777778,0.049975,0.0501,0.00250125062531259,6.3968015992004,6.412825651302605,report/raw-results/multicast-4x4-8x8/naive_unicast-8x8-g4-f1-r0.1-b0.1-s1,report/raw-results/multicast-4x4-8x8/tree_multicast-8x8-g4-f1-r0.1-b0.1-s1
8x8,64,8,27,common,4,1,0.1,0.1,7,10615.0,8000.0,1.326875,1500.0,1400.0,0.06666666666666665,0.04995,0.0501,0.0030030030030030463,6.393606393606394,6.412825651302605,report/raw-results/multicast-4x4-8x8/naive_unicast-8x8-g4-f1-r0.1-b0.1-s7,report/raw-results/multicast-4x4-8x8/tree_multicast-8x8-g4-f1-r0.1-b0.1-s7
8x8,64,8,27,common,4,1,0.1,0.1,17,11705.0,7000.0,1.6721428571428572,1700.0,800.0,0.5294117647058824,0.0499,0.05015,0.005010020040080221,6.387225548902196,6.419257773319959,report/raw-results/multicast-4x4-8x8/naive_unicast-8x8-g4-f1-r0.1-b0.1-s17,report/raw-results/multicast-4x4-8x8/tree_multicast-8x8-g4-f1-r0.1-b0.1-s17
8x8,64,8,27,common,4,1,0.5,0.0,1,10500.0,8000.0,1.3125,1800.0,1300.0,0.2777777777777778,0.098912,0.242718,1.4538781947589774,12.660731948565775,31.067961165048544,report/raw-results/multicast-4x4-8x8/naive_unicast-8x8-g4-f1-r0.5-b0-s1,report/raw-results/multicast-4x4-8x8/tree_multicast-8x8-g4-f1-r0.5-b0-s1
8x8,64,8,27,common,4,1,0.5,0.0,7,10500.0,8000.0,1.3125,1500.0,1400.0,0.06666666666666665,0.098912,0.242718,1.4538781947589774,12.660731948565775,31.067961165048544,report/raw-results/multicast-4x4-8x8/naive_unicast-8x8-g4-f1-r0.5-b0-s7,report/raw-results/multicast-4x4-8x8/tree_multicast-8x8-g4-f1-r0.5-b0-s7
8x8,64,8,27,common,4,1,0.5,0.0,17,11500.0,7000.0,1.6428571428571428,1700.0,800.0,0.5294117647058824,0.098717,0.243902,1.470719328990954,12.635735439289238,31.21951219512195,report/raw-results/multicast-4x4-8x8/naive_unicast-8x8-g4-f1-r0.5-b0-s17,report/raw-results/multicast-4x4-8x8/tree_multicast-8x8-g4-f1-r0.5-b0-s17
8x8,64,8,27,common,4,1,0.5,0.1,1,10725.0,8000.0,1.340625,1800.0,1300.0,0.2777777777777778,0.098814,0.242718,1.4563118586435118,12.648221343873518,31.067961165048544,report/raw-results/multicast-4x4-8x8/naive_unicast-8x8-g4-f1-r0.5-b0.1-s1,report/raw-results/multicast-4x4-8x8/tree_multicast-8x8-g4-f1-r0.5-b0.1-s1
8x8,64,8,27,common,4,1,0.5,0.1,7,10660.0,8000.0,1.3325,1500.0,1400.0,0.06666666666666665,0.098912,0.242718,1.4538781947589774,12.660731948565775,31.067961165048544,report/raw-results/multicast-4x4-8x8/naive_unicast-8x8-g4-f1-r0.5-b0.1-s7,report/raw-results/multicast-4x4-8x8/tree_multicast-8x8-g4-f1-r0.5-b0.1-s7
8x8,64,8,27,common,4,1,0.5,0.1,17,11655.0,7000.0,1.665,1700.0,800.0,0.5294117647058824,0.098717,0.243902,1.470719328990954,12.635735439289238,31.21951219512195,report/raw-results/multicast-4x4-8x8/naive_unicast-8x8-g4-f1-r0.5-b0.1-s17,report/raw-results/multicast-4x4-8x8/tree_multicast-8x8-g4-f1-r0.5-b0.1-s17
8x8,64,8,27,common,4,1,1.0,0.0,1,10500.0,8000.0,1.3125,1800.0,1300.0,0.2777777777777778,0.098912,0.242718,1.4538781947589774,12.660731948565775,31.067961165048544,report/raw-results/multicast-4x4-8x8/naive_unicast-8x8-g4-f1-r1-b0-s1,report/raw-results/multicast-4x4-8x8/tree_multicast-8x8-g4-f1-r1-b0-s1
8x8,64,8,27,common,4,1,1.0,0.0,7,10500.0,8000.0,1.3125,1500.0,1400.0,0.06666666666666665,0.098912,0.242718,1.4538781947589774,12.660731948565775,31.067961165048544,report/raw-results/multicast-4x4-8x8/naive_unicast-8x8-g4-f1-r1-b0-s7,report/raw-results/multicast-4x4-8x8/tree_multicast-8x8-g4-f1-r1-b0-s7
8x8,64,8,27,common,4,1,1.0,0.0,17,11500.0,7000.0,1.6428571428571428,1700.0,800.0,0.5294117647058824,0.098717,0.243902,1.470719328990954,12.635735439289238,31.21951219512195,report/raw-results/multicast-4x4-8x8/naive_unicast-8x8-g4-f1-r1-b0-s17,report/raw-results/multicast-4x4-8x8/tree_multicast-8x8-g4-f1-r1-b0-s17
8x8,64,8,27,common,4,1,1.0,0.1,1,10725.0,8000.0,1.340625,1800.0,1300.0,0.2777777777777778,0.098814,0.242718,1.4563118586435118,12.648221343873518,31.067961165048544,report/raw-results/multicast-4x4-8x8/naive_unicast-8x8-g4-f1-r1-b0.1-s1,report/raw-results/multicast-4x4-8x8/tree_multicast-8x8-g4-f1-r1-b0.1-s1
8x8,64,8,27,common,4,1,1.0,0.1,7,10660.0,8000.0,1.3325,1500.0,1400.0,0.06666666666666665,0.098912,0.242718,1.4538781947589774,12.660731948565775,31.067961165048544,report/raw-results/multicast-4x4-8x8/naive_unicast-8x8-g4-f1-r1-b0.1-s7,report/raw-results/multicast-4x4-8x8/tree_multicast-8x8-g4-f1-r1-b0.1-s7
8x8,64,8,27,common,4,1,1.0,0.1,17,11655.0,7000.0,1.665,1700.0,800.0,0.5294117647058824,0.098717,0.243902,1.470719328990954,12.635735439289238,31.21951219512195,report/raw-results/multicast-4x4-8x8/naive_unicast-8x8-g4-f1-r1-b0.1-s17,report/raw-results/multicast-4x4-8x8/tree_multicast-8x8-g4-f1-r1-b0.1-s17
8x8,64,8,27,common,4,4,0.1,0.0,1,18000.0,15500.0,1.1612903225806452,7200.0,5200.0,0.2777777777777778,0.049603,0.049727,0.002499848799467852,25.396825396825395,25.459970164097463,report/raw-results/multicast-4x4-8x8/naive_unicast-8x8-g4-f4-r0.1-b0-s1,report/raw-results/multicast-4x4-8x8/tree_multicast-8x8-g4-f4-r0.1-b0-s1
8x8,64,8,27,common,4,4,0.1,0.0,7,18000.0,15500.0,1.1612903225806452,6000.0,5600.0,0.06666666666666665,0.049603,0.049727,0.002499848799467852,25.396825396825395,25.459970164097463,report/raw-results/multicast-4x4-8x8/naive_unicast-8x8-g4-f4-r0.1-b0-s7,report/raw-results/multicast-4x4-8x8/tree_multicast-8x8-g4-f4-r0.1-b0-s7
8x8,64,8,27,common,4,4,0.1,0.0,17,19000.0,14500.0,1.3103448275862069,6800.0,3200.0,0.5294117647058824,0.049554,0.049776,0.004479961254389098,25.37165510406343,25.48531607765057,report/raw-results/multicast-4x4-8x8/naive_unicast-8x8-g4-f4-r0.1-b0-s17,report/raw-results/multicast-4x4-8x8/tree_multicast-8x8-g4-f4-r0.1-b0-s17
8x8,64,8,27,common,4,4,0.1,0.1,1,42070.0,15500.0,2.714193548387097,7200.0,5200.0,0.2777777777777778,0.047596,0.049727,0.04477266997226659,24.369347929557353,25.459970164097463,report/raw-results/multicast-4x4-8x8/naive_unicast-8x8-g4-f4-r0.1-b0.1-s1,report/raw-results/multicast-4x4-8x8/tree_multicast-8x8-g4-f4-r0.1-b0.1-s1
8x8,64,8,27,common,4,4,0.1,0.1,7,41285.0,15500.0,2.663548387096774,6000.0,5600.0,0.06666666666666665,0.047733,0.049727,0.041774034734879395,24.43914081145585,25.459970164097463,report/raw-results/multicast-4x4-8x8/naive_unicast-8x8-g4-f4-r0.1-b0.1-s7,report/raw-results/multicast-4x4-8x8/tree_multicast-8x8-g4-f4-r0.1-b0.1-s7
8x8,64,8,27,common,4,4,0.1,0.1,17,80010.0,14500.0,5.517931034482759,6800.0,3200.0,0.5294117647058824,0.043271,0.049776,0.15033163088442625,22.1549112938122,25.48531607765057,report/raw-results/multicast-4x4-8x8/naive_unicast-8x8-g4-f4-r0.1-b0.1-s17,report/raw-results/multicast-4x4-8x8/tree_multicast-8x8-g4-f4-r0.1-b0.1-s17
8x8,64,8,27,common,4,4,0.5,0.0,1,80000.0,37500.0,2.1333333333333333,7200.0,5200.0,0.2777777777777778,0.046729,0.060277,0.2899270260437843,23.925233644859812,30.86196503918023,report/raw-results/multicast-4x4-8x8/naive_unicast-8x8-g4-f4-r0.5-b0-s1,report/raw-results/multicast-4x4-8x8/tree_multicast-8x8-g4-f4-r0.5-b0-s1
8x8,64,8,27,common,4,4,0.5,0.0,7,80000.0,37500.0,2.1333333333333333,6000.0,5600.0,0.06666666666666665,0.046729,0.060277,0.2899270260437843,23.925233644859812,30.86196503918023,report/raw-results/multicast-4x4-8x8/naive_unicast-8x8-g4-f4-r0.5-b0-s7,report/raw-results/multicast-4x4-8x8/tree_multicast-8x8-g4-f4-r0.5-b0-s7
8x8,64,8,27,common,4,4,0.5,0.0,17,80000.0,36500.0,2.191780821917808,6800.0,3200.0,0.5294117647058824,0.046729,0.06035,0.2914892251064649,23.925233644859812,30.899215449607723,report/raw-results/multicast-4x4-8x8/naive_unicast-8x8-g4-f4-r0.5-b0-s17,report/raw-results/multicast-4x4-8x8/tree_multicast-8x8-g4-f4-r0.5-b0-s17
8x8,64,8,27,common,4,4,0.5,0.1,1,82660.0,37500.0,2.204266666666667,7200.0,5200.0,0.2777777777777778,0.045106,0.060277,0.3363410632731787,23.09427153811457,30.86196503918023,report/raw-results/multicast-4x4-8x8/naive_unicast-8x8-g4-f4-r0.5-b0.1-s1,report/raw-results/multicast-4x4-8x8/tree_multicast-8x8-g4-f4-r0.5-b0.1-s1
8x8,64,8,27,common,4,4,0.5,0.1,7,82495.0,37520.0,2.1986940298507465,6000.0,5600.0,0.06666666666666665,0.045228,0.060241,0.331940390908287,23.156942559927636,30.843373493975903,report/raw-results/multicast-4x4-8x8/naive_unicast-8x8-g4-f4-r0.5-b0.1-s7,report/raw-results/multicast-4x4-8x8/tree_multicast-8x8-g4-f4-r0.5-b0.1-s7
8x8,64,8,27,common,4,4,0.5,0.1,17,89830.0,36500.0,2.461095890410959,6800.0,3200.0,0.5294117647058824,0.041545,0.06035,0.4526417138043086,21.271292064810968,30.899215449607723,report/raw-results/multicast-4x4-8x8/naive_unicast-8x8-g4-f4-r0.5-b0.1-s17,report/raw-results/multicast-4x4-8x8/tree_multicast-8x8-g4-f4-r0.5-b0.1-s17
8x8,64,8,27,common,4,4,1.0,0.0,1,80000.0,37500.0,2.1333333333333333,7200.0,5200.0,0.2777777777777778,0.046729,0.060277,0.2899270260437843,23.925233644859812,30.86196503918023,report/raw-results/multicast-4x4-8x8/naive_unicast-8x8-g4-f4-r1-b0-s1,report/raw-results/multicast-4x4-8x8/tree_multicast-8x8-g4-f4-r1-b0-s1
8x8,64,8,27,common,4,4,1.0,0.0,7,80000.0,37500.0,2.1333333333333333,6000.0,5600.0,0.06666666666666665,0.046729,0.060277,0.2899270260437843,23.925233644859812,30.86196503918023,report/raw-results/multicast-4x4-8x8/naive_unicast-8x8-g4-f4-r1-b0-s7,report/raw-results/multicast-4x4-8x8/tree_multicast-8x8-g4-f4-r1-b0-s7
8x8,64,8,27,common,4,4,1.0,0.0,17,80000.0,36500.0,2.191780821917808,6800.0,3200.0,0.5294117647058824,0.046729,0.06035,0.2914892251064649,23.925233644859812,30.899215449607723,report/raw-results/multicast-4x4-8x8/naive_unicast-8x8-g4-f4-r1-b0-s17,report/raw-results/multicast-4x4-8x8/tree_multicast-8x8-g4-f4-r1-b0-s17
8x8,64,8,27,common,4,4,1.0,0.1,1,82660.0,37500.0,2.204266666666667,7200.0,5200.0,0.2777777777777778,0.045106,0.060277,0.3363410632731787,23.09427153811457,30.86196503918023,report/raw-results/multicast-4x4-8x8/naive_unicast-8x8-g4-f4-r1-b0.1-s1,report/raw-results/multicast-4x4-8x8/tree_multicast-8x8-g4-f4-r1-b0.1-s1
8x8,64,8,27,common,4,4,1.0,0.1,7,82495.0,37520.0,2.1986940298507465,6000.0,5600.0,0.06666666666666665,0.045228,0.060241,0.331940390908287,23.156942559927636,30.843373493975903,report/raw-results/multicast-4x4-8x8/naive_unicast-8x8-g4-f4-r1-b0.1-s7,report/raw-results/multicast-4x4-8x8/tree_multicast-8x8-g4-f4-r1-b0.1-s7
8x8,64,8,27,common,4,4,1.0,0.1,17,89830.0,36500.0,2.461095890410959,6800.0,3200.0,0.5294117647058824,0.041545,0.06035,0.4526417138043086,21.271292064810968,30.899215449607723,report/raw-results/multicast-4x4-8x8/naive_unicast-8x8-g4-f4-r1-b0.1-s17,report/raw-results/multicast-4x4-8x8/tree_multicast-8x8-g4-f4-r1-b0.1-s17
8x8,64,8,27,common,4,16,0.1,0.0,1,320000.0,157500.0,2.0317460317460316,28800.0,20800.0,0.2777777777777778,0.011682,0.012757,0.09202191405581228,23.925233644859812,26.125781349661946,report/raw-results/multicast-4x4-8x8/naive_unicast-8x8-g4-f16-r0.1-b0-s1,report/raw-results/multicast-4x4-8x8/tree_multicast-8x8-g4-f16-r0.1-b0-s1
8x8,64,8,27,common,4,16,0.1,0.0,7,320000.0,157500.0,2.0317460317460316,24000.0,22400.0,0.06666666666666665,0.011682,0.012757,0.09202191405581228,23.925233644859812,26.125781349661946,report/raw-results/multicast-4x4-8x8/naive_unicast-8x8-g4-f16-r0.1-b0-s7,report/raw-results/multicast-4x4-8x8/tree_multicast-8x8-g4-f16-r0.1-b0-s7
8x8,64,8,27,common,4,16,0.1,0.0,17,320000.0,156500.0,2.0447284345047922,27200.0,12800.0,0.5294117647058824,0.011682,0.01276,0.09227871939736354,23.925233644859812,26.13244864106163,report/raw-results/multicast-4x4-8x8/naive_unicast-8x8-g4-f16-r0.1-b0-s17,report/raw-results/multicast-4x4-8x8/tree_multicast-8x8-g4-f16-r0.1-b0-s17
8x8,64,8,27,common,4,16,0.1,0.1,1,331495.0,157520.0,2.1044629253428138,28800.0,20800.0,0.2777777777777778,0.011273,0.012755,0.13146456134125795,23.08646150377635,26.122448979591837,report/raw-results/multicast-4x4-8x8/naive_unicast-8x8-g4-f16-r0.1-b0.1-s1,report/raw-results/multicast-4x4-8x8/tree_multicast-8x8-g4-f16-r0.1-b0.1-s1
8x8,64,8,27,common,4,16,0.1,0.1,7,331185.0,157500.0,2.1027619047619046,24000.0,22400.0,0.06666666666666665,0.011282,0.012757,0.1307392306328663,23.10469314079422,26.125781349661946,report/raw-results/multicast-4x4-8x8/naive_unicast-8x8-g4-f16-r0.1-b0.1-s7,report/raw-results/multicast-4x4-8x8/tree_multicast-8x8-g4-f16-r0.1-b0.1-s7
8x8,64,8,27,common,4,16,0.1,0.1,17,358835.0,156520.0,2.2925824175824174,27200.0,12800.0,0.5294117647058824,0.010403,0.012758,0.226377006632702,21.304483511910952,26.129114570043377,report/raw-results/multicast-4x4-8x8/naive_unicast-8x8-g4-f16-r0.1-b0.1-s17,report/raw-results/multicast-4x4-8x8/tree_multicast-8x8-g4-f16-r0.1-b0.1-s17
8x8,64,8,27,common,4,16,0.5,0.0,1,320000.0,157500.0,2.0317460317460316,28800.0,20800.0,0.2777777777777778,0.011682,0.012757,0.09202191405581228,23.925233644859812,26.125781349661946,report/raw-results/multicast-4x4-8x8/naive_unicast-8x8-g4-f16-r0.5-b0-s1,report/raw-results/multicast-4x4-8x8/tree_multicast-8x8-g4-f16-r0.5-b0-s1
8x8,64,8,27,common,4,16,0.5,0.0,7,320000.0,157500.0,2.0317460317460316,24000.0,22400.0,0.06666666666666665,0.011682,0.012757,0.09202191405581228,23.925233644859812,26.125781349661946,report/raw-results/multicast-4x4-8x8/naive_unicast-8x8-g4-f16-r0.5-b0-s7,report/raw-results/multicast-4x4-8x8/tree_multicast-8x8-g4-f16-r0.5-b0-s7
8x8,64,8,27,common,4,16,0.5,0.0,17,320000.0,156500.0,2.0447284345047922,27200.0,12800.0,0.5294117647058824,0.011682,0.01276,0.09227871939736354,23.925233644859812,26.13244864106163,report/raw-results/multicast-4x4-8x8/naive_unicast-8x8-g4-f16-r0.5-b0-s17,report/raw-results/multicast-4x4-8x8/tree_multicast-8x8-g4-f16-r0.5-b0-s17
8x8,64,8,27,common,4,16,0.5,0.1,1,331495.0,157500.0,2.104730158730159,28800.0,20800.0,0.2777777777777778,0.011273,0.012757,0.1316419764037966,23.08646150377635,26.125781349661946,report/raw-results/multicast-4x4-8x8/naive_unicast-8x8-g4-f16-r0.5-b0.1-s1,report/raw-results/multicast-4x4-8x8/tree_multicast-8x8-g4-f16-r0.5-b0.1-s1
8x8,64,8,27,common,4,16,0.5,0.1,7,331185.0,157500.0,2.1027619047619046,24000.0,22400.0,0.06666666666666665,0.011282,0.012757,0.1307392306328663,23.10469314079422,26.125781349661946,report/raw-results/multicast-4x4-8x8/naive_unicast-8x8-g4-f16-r0.5-b0.1-s7,report/raw-results/multicast-4x4-8x8/tree_multicast-8x8-g4-f16-r0.5-b0.1-s7
8x8,64,8,27,common,4,16,0.5,0.1,17,358835.0,156500.0,2.2928753993610225,27200.0,12800.0,0.5294117647058824,0.010403,0.01276,0.22656925886763424,21.304483511910952,26.13244864106163,report/raw-results/multicast-4x4-8x8/naive_unicast-8x8-g4-f16-r0.5-b0.1-s17,report/raw-results/multicast-4x4-8x8/tree_multicast-8x8-g4-f16-r0.5-b0.1-s17
8x8,64,8,27,common,4,16,1.0,0.0,1,320000.0,157500.0,2.0317460317460316,28800.0,20800.0,0.2777777777777778,0.011682,0.012757,0.09202191405581228,23.925233644859812,26.125781349661946,report/raw-results/multicast-4x4-8x8/naive_unicast-8x8-g4-f16-r1-b0-s1,report/raw-results/multicast-4x4-8x8/tree_multicast-8x8-g4-f16-r1-b0-s1
8x8,64,8,27,common,4,16,1.0,0.0,7,320000.0,157500.0,2.0317460317460316,24000.0,22400.0,0.06666666666666665,0.011682,0.012757,0.09202191405581228,23.925233644859812,26.125781349661946,report/raw-results/multicast-4x4-8x8/naive_unicast-8x8-g4-f16-r1-b0-s7,report/raw-results/multicast-4x4-8x8/tree_multicast-8x8-g4-f16-r1-b0-s7
8x8,64,8,27,common,4,16,1.0,0.0,17,320000.0,156500.0,2.0447284345047922,27200.0,12800.0,0.5294117647058824,0.011682,0.01276,0.09227871939736354,23.925233644859812,26.13244864106163,report/raw-results/multicast-4x4-8x8/naive_unicast-8x8-g4-f16-r1-b0-s17,report/raw-results/multicast-4x4-8x8/tree_multicast-8x8-g4-f16-r1-b0-s17
8x8,64,8,27,common,4,16,1.0,0.1,1,331495.0,157500.0,2.104730158730159,28800.0,20800.0,0.2777777777777778,0.011273,0.012757,0.1316419764037966,23.08646150377635,26.125781349661946,report/raw-results/multicast-4x4-8x8/naive_unicast-8x8-g4-f16-r1-b0.1-s1,report/raw-results/multicast-4x4-8x8/tree_multicast-8x8-g4-f16-r1-b0.1-s1
8x8,64,8,27,common,4,16,1.0,0.1,7,331185.0,157500.0,2.1027619047619046,24000.0,22400.0,0.06666666666666665,0.011282,0.012757,0.1307392306328663,23.10469314079422,26.125781349661946,report/raw-results/multicast-4x4-8x8/naive_unicast-8x8-g4-f16-r1-b0.1-s7,report/raw-results/multicast-4x4-8x8/tree_multicast-8x8-g4-f16-r1-b0.1-s7
8x8,64,8,27,common,4,16,1.0,0.1,17,358835.0,156500.0,2.2928753993610225,27200.0,12800.0,0.5294117647058824,0.010403,0.01276,0.22656925886763424,21.304483511910952,26.13244864106163,report/raw-results/multicast-4x4-8x8/naive_unicast-8x8-g4-f16-r1-b0.1-s17,report/raw-results/multicast-4x4-8x8/tree_multicast-8x8-g4-f16-r1-b0.1-s17
8x8,64,8,27,common,8,1,0.1,0.0,1,16500.0,9000.0,1.8333333333333333,3500.0,2500.0,0.2857142857142857,0.049677,0.05005,0.007508504941924787,12.717337307501243,12.812812812812814,report/raw-results/multicast-4x4-8x8/naive_unicast-8x8-g8-f1-r0.1-b0-s1,report/raw-results/multicast-4x4-8x8/tree_multicast-8x8-g8-f1-r0.1-b0-s1
8x8,64,8,27,common,8,1,0.1,0.0,7,18500.0,10000.0,1.85,3400.0,2400.0,0.2941176470588235,0.049579,0.05,0.008491498416668408,12.692117005453644,12.8,report/raw-results/multicast-4x4-8x8/naive_unicast-8x8-g8-f1-r0.1-b0-s7,report/raw-results/multicast-4x4-8x8/tree_multicast-8x8-g8-f1-r0.1-b0-s7
8x8,64,8,27,common,8,1,0.1,0.0,17,15500.0,7000.0,2.2142857142857144,2700.0,1900.0,0.2962962962962963,0.049727,0.05015,0.008506445190741507,12.729985082048731,12.838515546639918,report/raw-results/multicast-4x4-8x8/naive_unicast-8x8-g8-f1-r0.1-b0-s17,report/raw-results/multicast-4x4-8x8/tree_multicast-8x8-g8-f1-r0.1-b0-s17
8x8,64,8,27,common,8,1,0.1,0.1,1,16635.0,9000.0,1.8483333333333334,3500.0,2500.0,0.2857142857142857,0.049677,0.05005,0.007508504941924787,12.717337307501243,12.812812812812814,report/raw-results/multicast-4x4-8x8/naive_unicast-8x8-g8-f1-r0.1-b0.1-s1,report/raw-results/multicast-4x4-8x8/tree_multicast-8x8-g8-f1-r0.1-b0.1-s1
8x8,64,8,27,common,8,1,0.1,0.1,7,18675.0,10000.0,1.8675,3400.0,2400.0,0.2941176470588235,0.049579,0.05,0.008491498416668408,12.692117005453644,12.8,report/raw-results/multicast-4x4-8x8/naive_unicast-8x8-g8-f1-r0.1-b0.1-s7,report/raw-results/multicast-4x4-8x8/tree_multicast-8x8-g8-f1-r0.1-b0.1-s7
8x8,64,8,27,common,8,1,0.1,0.1,17,15660.0,7000.0,2.237142857142857,2700.0,1900.0,0.2962962962962963,0.049727,0.05015,0.008506445190741507,12.729985082048731,12.838515546639918,report/raw-results/multicast-4x4-8x8/naive_unicast-8x8-g8-f1-r0.1-b0.1-s17,report/raw-results/multicast-4x4-8x8/tree_multicast-8x8-g8-f1-r0.1-b0.1-s17
8x8,64,8,27,common,8,1,0.5,0.0,1,16500.0,9000.0,1.8333333333333333,3500.0,2500.0,0.2857142857142857,0.055096,0.241546,3.3840932191084656,14.104683195592287,61.83574879227053,report/raw-results/multicast-4x4-8x8/naive_unicast-8x8-g8-f1-r0.5-b0-s1,report/raw-results/multicast-4x4-8x8/tree_multicast-8x8-g8-f1-r0.5-b0-s1
8x8,64,8,27,common,8,1,0.5,0.0,7,18500.0,10000.0,1.85,3400.0,2400.0,0.2941176470588235,0.054975,0.240385,3.372623919963619,14.073666849917538,61.53846153846154,report/raw-results/multicast-4x4-8x8/naive_unicast-8x8-g8-f1-r0.5-b0-s7,report/raw-results/multicast-4x4-8x8/tree_multicast-8x8-g8-f1-r0.5-b0-s7
8x8,64,8,27,common,8,1,0.5,0.0,17,15500.0,7000.0,2.2142857142857144,2700.0,1900.0,0.2962962962962963,0.055157,0.243902,3.421959134833294,14.120242691671264,62.4390243902439,report/raw-results/multicast-4x4-8x8/naive_unicast-8x8-g8-f1-r0.5-b0-s17,report/raw-results/multicast-4x4-8x8/tree_multicast-8x8-g8-f1-r0.5-b0-s17
8x8,64,8,27,common,8,1,0.5,0.1,1,16615.0,9000.0,1.846111111111111,3500.0,2500.0,0.2857142857142857,0.055096,0.241546,3.3840932191084656,14.104683195592287,61.83574879227053,report/raw-results/multicast-4x4-8x8/naive_unicast-8x8-g8-f1-r0.5-b0.1-s1,report/raw-results/multicast-4x4-8x8/tree_multicast-8x8-g8-f1-r0.5-b0.1-s1
8x8,64,8,27,common,8,1,0.5,0.1,7,18630.0,10000.0,1.863,3400.0,2400.0,0.2941176470588235,0.054975,0.240385,3.372623919963619,14.073666849917538,61.53846153846154,report/raw-results/multicast-4x4-8x8/naive_unicast-8x8-g8-f1-r0.5-b0.1-s7,report/raw-results/multicast-4x4-8x8/tree_multicast-8x8-g8-f1-r0.5-b0.1-s7
8x8,64,8,27,common,8,1,0.5,0.1,17,15685.0,7000.0,2.2407142857142857,2700.0,1900.0,0.2962962962962963,0.055157,0.243902,3.421959134833294,14.120242691671264,62.4390243902439,report/raw-results/multicast-4x4-8x8/naive_unicast-8x8-g8-f1-r0.5-b0.1-s17,report/raw-results/multicast-4x4-8x8/tree_multicast-8x8-g8-f1-r0.5-b0.1-s17
8x8,64,8,27,common,8,1,1.0,0.0,1,16500.0,9000.0,1.8333333333333333,3500.0,2500.0,0.2857142857142857,0.055096,0.241546,3.3840932191084656,14.104683195592287,61.83574879227053,report/raw-results/multicast-4x4-8x8/naive_unicast-8x8-g8-f1-r1-b0-s1,report/raw-results/multicast-4x4-8x8/tree_multicast-8x8-g8-f1-r1-b0-s1
8x8,64,8,27,common,8,1,1.0,0.0,7,18500.0,10000.0,1.85,3400.0,2400.0,0.2941176470588235,0.054975,0.240385,3.372623919963619,14.073666849917538,61.53846153846154,report/raw-results/multicast-4x4-8x8/naive_unicast-8x8-g8-f1-r1-b0-s7,report/raw-results/multicast-4x4-8x8/tree_multicast-8x8-g8-f1-r1-b0-s7
8x8,64,8,27,common,8,1,1.0,0.0,17,15500.0,7000.0,2.2142857142857144,2700.0,1900.0,0.2962962962962963,0.055157,0.243902,3.421959134833294,14.120242691671264,62.4390243902439,report/raw-results/multicast-4x4-8x8/naive_unicast-8x8-g8-f1-r1-b0-s17,report/raw-results/multicast-4x4-8x8/tree_multicast-8x8-g8-f1-r1-b0-s17
8x8,64,8,27,common,8,1,1.0,0.1,1,16615.0,9000.0,1.846111111111111,3500.0,2500.0,0.2857142857142857,0.055096,0.241546,3.3840932191084656,14.104683195592287,61.83574879227053,report/raw-results/multicast-4x4-8x8/naive_unicast-8x8-g8-f1-r1-b0.1-s1,report/raw-results/multicast-4x4-8x8/tree_multicast-8x8-g8-f1-r1-b0.1-s1
8x8,64,8,27,common,8,1,1.0,0.1,7,18630.0,10000.0,1.863,3400.0,2400.0,0.2941176470588235,0.054975,0.240385,3.372623919963619,14.073666849917538,61.53846153846154,report/raw-results/multicast-4x4-8x8/naive_unicast-8x8-g8-f1-r1-b0.1-s7,report/raw-results/multicast-4x4-8x8/tree_multicast-8x8-g8-f1-r1-b0.1-s7
8x8,64,8,27,common,8,1,1.0,0.1,17,15685.0,7000.0,2.2407142857142857,2700.0,1900.0,0.2962962962962963,0.055157,0.243902,3.421959134833294,14.120242691671264,62.4390243902439,report/raw-results/multicast-4x4-8x8/naive_unicast-8x8-g8-f1-r1-b0.1-s17,report/raw-results/multicast-4x4-8x8/tree_multicast-8x8-g8-f1-r1-b0.1-s17
8x8,64,8,27,common,8,4,0.1,0.0,1,160000.0,16500.0,9.696969696969697,14000.0,10000.0,0.2857142857142857,0.023364,0.049677,1.1262198253723676,23.925233644859812,50.86934923000497,report/raw-results/multicast-4x4-8x8/naive_unicast-8x8-g8-f4-r0.1-b0-s1,report/raw-results/multicast-4x4-8x8/tree_multicast-8x8-g8-f4-r0.1-b0-s1
8x8,64,8,27,common,8,4,0.1,0.0,7,160000.0,17500.0,9.142857142857142,13600.0,9600.0,0.2941176470588235,0.023364,0.049628,1.1241225817497003,23.925233644859812,50.81885856079404,report/raw-results/multicast-4x4-8x8/naive_unicast-8x8-g8-f4-r0.1-b0-s7,report/raw-results/multicast-4x4-8x8/tree_multicast-8x8-g8-f4-r0.1-b0-s7
8x8,64,8,27,common,8,4,0.1,0.0,17,160000.0,14500.0,11.03448275862069,10800.0,7600.0,0.2962962962962963,0.023364,0.049776,1.130457113507961,23.925233644859812,50.97063215530114,report/raw-results/multicast-4x4-8x8/naive_unicast-8x8-g8-f4-r0.1-b0-s17,report/raw-results/multicast-4x4-8x8/tree_multicast-8x8-g8-f4-r0.1-b0-s17
8x8,64,8,27,common,8,4,0.1,0.1,1,166460.0,16500.0,10.088484848484848,14000.0,10000.0,0.2857142857142857,0.022442,0.049677,1.2135727653506816,22.980251346499102,50.86934923000497,report/raw-results/multicast-4x4-8x8/naive_unicast-8x8-g8-f4-r0.1-b0.1-s1,report/raw-results/multicast-4x4-8x8/tree_multicast-8x8-g8-f4-r0.1-b0.1-s1
8x8,64,8,27,common,8,4,0.1,0.1,7,166070.0,17500.0,9.489714285714285,13600.0,9600.0,0.2941176470588235,0.022497,0.049628,1.2059830199582167,23.037120359955004,50.81885856079404,report/raw-results/multicast-4x4-8x8/naive_unicast-8x8-g8-f4-r0.1-b0.1-s7,report/raw-results/multicast-4x4-8x8/tree_multicast-8x8-g8-f4-r0.1-b0.1-s7
8x8,64,8,27,common,8,4,0.1,0.1,17,165630.0,14500.0,11.422758620689654,10800.0,7600.0,0.2962962962962963,0.022543,0.049776,1.2080468438096084,23.083859332732192,50.97063215530114,report/raw-results/multicast-4x4-8x8/naive_unicast-8x8-g8-f4-r0.1-b0.1-s17,report/raw-results/multicast-4x4-8x8/tree_multicast-8x8-g8-f4-r0.1-b0.1-s17
8x8,64,8,27,common,8,4,0.5,0.0,1,160000.0,38500.0,4.1558441558441555,14000.0,10000.0,0.2857142857142857,0.023364,0.060205,1.576827598014039,23.925233644859812,61.64960866947622,report/raw-results/multicast-4x4-8x8/naive_unicast-8x8-g8-f4-r0.5-b0-s1,report/raw-results/multicast-4x4-8x8/tree_multicast-8x8-g8-f4-r0.5-b0-s1
8x8,64,8,27,common,8,4,0.5,0.0,7,160000.0,39500.0,4.050632911392405,13600.0,9600.0,0.2941176470588235,0.023364,0.060132,1.573703133025167,23.925233644859812,61.575466025255565,report/raw-results/multicast-4x4-8x8/naive_unicast-8x8-g8-f4-r0.5-b0-s7,report/raw-results/multicast-4x4-8x8/tree_multicast-8x8-g8-f4-r0.5-b0-s7
8x8,64,8,27,common,8,4,0.5,0.0,17,160000.0,36500.0,4.383561643835616,10800.0,7600.0,0.2962962962962963,0.023364,0.06035,1.5830337271015238,23.925233644859812,61.79843089921545,report/raw-results/multicast-4x4-8x8/naive_unicast-8x8-g8-f4-r0.5-b0-s17,report/raw-results/multicast-4x4-8x8/tree_multicast-8x8-g8-f4-r0.5-b0-s17
8x8,64,8,27,common,8,4,0.5,0.1,1,166460.0,38500.0,4.323636363636363,14000.0,10000.0,0.2857142857142857,0.022442,0.060205,1.6826931646020853,22.980251346499102,61.64960866947622,report/raw-results/multicast-4x4-8x8/naive_unicast-8x8-g8-f4-r0.5-b0.1-s1,report/raw-results/multicast-4x4-8x8/tree_multicast-8x8-g8-f4-r0.5-b0.1-s1
8x8,64,8,27,common,8,4,0.5,0.1,7,166070.0,39520.0,4.2021761133603235,13600.0,9600.0,0.2941176470588235,0.022497,0.060096,1.671289505267369,23.037120359955004,61.53846153846154,report/raw-results/multicast-4x4-8x8/naive_unicast-8x8-g8-f4-r0.5-b0.1-s7,report/raw-results/multicast-4x4-8x8/tree_multicast-8x8-g8-f4-r0.5-b0.1-s7
8x8,64,8,27,common,8,4,0.5,0.1,17,165630.0,36500.0,4.537808219178082,10800.0,7600.0,0.2962962962962963,0.022543,0.06035,1.6771059752473052,23.083859332732192,61.79843089921545,report/raw-results/multicast-4x4-8x8/naive_unicast-8x8-g8-f4-r0.5-b0.1-s17,report/raw-results/multicast-4x4-8x8/tree_multicast-8x8-g8-f4-r0.5-b0.1-s17
8x8,64,8,27,common,8,4,1.0,0.0,1,160000.0,38500.0,4.1558441558441555,14000.0,10000.0,0.2857142857142857,0.023364,0.060205,1.576827598014039,23.925233644859812,61.64960866947622,report/raw-results/multicast-4x4-8x8/naive_unicast-8x8-g8-f4-r1-b0-s1,report/raw-results/multicast-4x4-8x8/tree_multicast-8x8-g8-f4-r1-b0-s1
8x8,64,8,27,common,8,4,1.0,0.0,7,160000.0,39500.0,4.050632911392405,13600.0,9600.0,0.2941176470588235,0.023364,0.060132,1.573703133025167,23.925233644859812,61.575466025255565,report/raw-results/multicast-4x4-8x8/naive_unicast-8x8-g8-f4-r1-b0-s7,report/raw-results/multicast-4x4-8x8/tree_multicast-8x8-g8-f4-r1-b0-s7
8x8,64,8,27,common,8,4,1.0,0.0,17,160000.0,36500.0,4.383561643835616,10800.0,7600.0,0.2962962962962963,0.023364,0.06035,1.5830337271015238,23.925233644859812,61.79843089921545,report/raw-results/multicast-4x4-8x8/naive_unicast-8x8-g8-f4-r1-b0-s17,report/raw-results/multicast-4x4-8x8/tree_multicast-8x8-g8-f4-r1-b0-s17
8x8,64,8,27,common,8,4,1.0,0.1,1,166460.0,38500.0,4.323636363636363,14000.0,10000.0,0.2857142857142857,0.022442,0.060205,1.6826931646020853,22.980251346499102,61.64960866947622,report/raw-results/multicast-4x4-8x8/naive_unicast-8x8-g8-f4-r1-b0.1-s1,report/raw-results/multicast-4x4-8x8/tree_multicast-8x8-g8-f4-r1-b0.1-s1
8x8,64,8,27,common,8,4,1.0,0.1,7,166070.0,39520.0,4.2021761133603235,13600.0,9600.0,0.2941176470588235,0.022497,0.060096,1.671289505267369,23.037120359955004,61.53846153846154,report/raw-results/multicast-4x4-8x8/naive_unicast-8x8-g8-f4-r1-b0.1-s7,report/raw-results/multicast-4x4-8x8/tree_multicast-8x8-g8-f4-r1-b0.1-s7
8x8,64,8,27,common,8,4,1.0,0.1,17,165630.0,36500.0,4.537808219178082,10800.0,7600.0,0.2962962962962963,0.022543,0.06035,1.6771059752473052,23.083859332732192,61.79843089921545,report/raw-results/multicast-4x4-8x8/naive_unicast-8x8-g8-f4-r1-b0.1-s17,report/raw-results/multicast-4x4-8x8/tree_multicast-8x8-g8-f4-r1-b0.1-s17
8x8,64,8,27,common,8,16,0.1,0.0,1,640000.0,158500.0,4.037854889589905,56000.0,40000.0,0.2857142857142857,0.005841,0.012753,1.1833590138674888,23.925233644859812,52.23823491901543,report/raw-results/multicast-4x4-8x8/naive_unicast-8x8-g8-f16-r0.1-b0-s1,report/raw-results/multicast-4x4-8x8/tree_multicast-8x8-g8-f16-r0.1-b0-s1
8x8,64,8,27,common,8,16,0.1,0.0,7,640000.0,159500.0,4.012539184952978,54400.0,38400.0,0.2941176470588235,0.005841,0.01275,1.1828454031843862,23.925233644859812,52.224913935993875,report/raw-results/multicast-4x4-8x8/naive_unicast-8x8-g8-f16-r0.1-b0-s7,report/raw-results/multicast-4x4-8x8/tree_multicast-8x8-g8-f16-r0.1-b0-s7
8x8,64,8,27,common,8,16,0.1,0.0,17,640000.0,156500.0,4.0894568690095845,43200.0,30400.0,0.2962962962962963,0.005841,0.01276,1.184557438794727,23.925233644859812,52.26489728212326,report/raw-results/multicast-4x4-8x8/naive_unicast-8x8-g8-f16-r0.1-b0-s17,report/raw-results/multicast-4x4-8x8/tree_multicast-8x8-g8-f16-r0.1-b0-s17
8x8,64,8,27,common,8,16,0.1,0.1,1,664310.0,158500.0,4.191230283911672,56000.0,40000.0,0.2857142857142857,0.005625,0.012753,1.2672000000000003,23.039712003599956,52.23823491901543,report/raw-results/multicast-4x4-8x8/naive_unicast-8x8-g8-f16-r0.1-b0.1-s1,report/raw-results/multicast-4x4-8x8/tree_multicast-8x8-g8-f16-r0.1-b0.1-s1
8x8,64,8,27,common,8,16,0.1,0.1,7,663125.0,159500.0,4.157523510971787,54400.0,38400.0,0.2941176470588235,0.005636,0.01275,1.262242725337118,23.08646150377635,52.224913935993875,report/raw-results/multicast-4x4-8x8/naive_unicast-8x8-g8-f16-r0.1-b0.1-s7,report/raw-results/multicast-4x4-8x8/tree_multicast-8x8-g8-f16-r0.1-b0.1-s7
8x8,64,8,27,common,8,16,0.1,0.1,17,664035.0,156520.0,4.242492972144135,43200.0,30400.0,0.2962962962962963,0.005629,0.012758,1.2664771717889498,23.055274119103906,52.258229140086755,report/raw-results/multicast-4x4-8x8/naive_unicast-8x8-g8-f16-r0.1-b0.1-s17,report/raw-results/multicast-4x4-8x8/tree_multicast-8x8-g8-f16-r0.1-b0.1-s17
8x8,64,8,27,common,8,16,0.5,0.0,1,640000.0,158500.0,4.037854889589905,56000.0,40000.0,0.2857142857142857,0.005841,0.012753,1.1833590138674888,23.925233644859812,52.23823491901543,report/raw-results/multicast-4x4-8x8/naive_unicast-8x8-g8-f16-r0.5-b0-s1,report/raw-results/multicast-4x4-8x8/tree_multicast-8x8-g8-f16-r0.5-b0-s1
8x8,64,8,27,common,8,16,0.5,0.0,7,640000.0,159500.0,4.012539184952978,54400.0,38400.0,0.2941176470588235,0.005841,0.01275,1.1828454031843862,23.925233644859812,52.224913935993875,report/raw-results/multicast-4x4-8x8/naive_unicast-8x8-g8-f16-r0.5-b0-s7,report/raw-results/multicast-4x4-8x8/tree_multicast-8x8-g8-f16-r0.5-b0-s7
8x8,64,8,27,common,8,16,0.5,0.0,17,640000.0,156500.0,4.0894568690095845,43200.0,30400.0,0.2962962962962963,0.005841,0.01276,1.184557438794727,23.925233644859812,52.26489728212326,report/raw-results/multicast-4x4-8x8/naive_unicast-8x8-g8-f16-r0.5-b0-s17,report/raw-results/multicast-4x4-8x8/tree_multicast-8x8-g8-f16-r0.5-b0-s17
8x8,64,8,27,common,8,16,0.5,0.1,1,664310.0,158500.0,4.191230283911672,56000.0,40000.0,0.2857142857142857,0.005625,0.012753,1.2672000000000003,23.039712003599956,52.23823491901543,report/raw-results/multicast-4x4-8x8/naive_unicast-8x8-g8-f16-r0.5-b0.1-s1,report/raw-results/multicast-4x4-8x8/tree_multicast-8x8-g8-f16-r0.5-b0.1-s1
8x8,64,8,27,common,8,16,0.5,0.1,7,663125.0,159500.0,4.157523510971787,54400.0,38400.0,0.2941176470588235,0.005636,0.01275,1.262242725337118,23.08646150377635,52.224913935993875,report/raw-results/multicast-4x4-8x8/naive_unicast-8x8-g8-f16-r0.5-b0.1-s7,report/raw-results/multicast-4x4-8x8/tree_multicast-8x8-g8-f16-r0.5-b0.1-s7
8x8,64,8,27,common,8,16,0.5,0.1,17,664035.0,156540.0,4.24195093905711,43200.0,30400.0,0.2962962962962963,0.005629,0.012757,1.2662995203410907,23.055274119103906,52.25156269932389,report/raw-results/multicast-4x4-8x8/naive_unicast-8x8-g8-f16-r0.5-b0.1-s17,report/raw-results/multicast-4x4-8x8/tree_multicast-8x8-g8-f16-r0.5-b0.1-s17
8x8,64,8,27,common,8,16,1.0,0.0,1,640000.0,158500.0,4.037854889589905,56000.0,40000.0,0.2857142857142857,0.005841,0.012753,1.1833590138674888,23.925233644859812,52.23823491901543,report/raw-results/multicast-4x4-8x8/naive_unicast-8x8-g8-f16-r1-b0-s1,report/raw-results/multicast-4x4-8x8/tree_multicast-8x8-g8-f16-r1-b0-s1
8x8,64,8,27,common,8,16,1.0,0.0,7,640000.0,159500.0,4.012539184952978,54400.0,38400.0,0.2941176470588235,0.005841,0.01275,1.1828454031843862,23.925233644859812,52.224913935993875,report/raw-results/multicast-4x4-8x8/naive_unicast-8x8-g8-f16-r1-b0-s7,report/raw-results/multicast-4x4-8x8/tree_multicast-8x8-g8-f16-r1-b0-s7
8x8,64,8,27,common,8,16,1.0,0.0,17,640000.0,156500.0,4.0894568690095845,43200.0,30400.0,0.2962962962962963,0.005841,0.01276,1.184557438794727,23.925233644859812,52.26489728212326,report/raw-results/multicast-4x4-8x8/naive_unicast-8x8-g8-f16-r1-b0-s17,report/raw-results/multicast-4x4-8x8/tree_multicast-8x8-g8-f16-r1-b0-s17
8x8,64,8,27,common,8,16,1.0,0.1,1,664310.0,158500.0,4.191230283911672,56000.0,40000.0,0.2857142857142857,0.005625,0.012753,1.2672000000000003,23.039712003599956,52.23823491901543,report/raw-results/multicast-4x4-8x8/naive_unicast-8x8-g8-f16-r1-b0.1-s1,report/raw-results/multicast-4x4-8x8/tree_multicast-8x8-g8-f16-r1-b0.1-s1
8x8,64,8,27,common,8,16,1.0,0.1,7,663125.0,159500.0,4.157523510971787,54400.0,38400.0,0.2941176470588235,0.005636,0.01275,1.262242725337118,23.08646150377635,52.224913935993875,report/raw-results/multicast-4x4-8x8/naive_unicast-8x8-g8-f16-r1-b0.1-s7,report/raw-results/multicast-4x4-8x8/tree_multicast-8x8-g8-f16-r1-b0.1-s7
8x8,64,8,27,common,8,16,1.0,0.1,17,664035.0,156540.0,4.24195093905711,43200.0,30400.0,0.2962962962962963,0.005629,0.012757,1.2662995203410907,23.055274119103906,52.25156269932389,report/raw-results/multicast-4x4-8x8/naive_unicast-8x8-g8-f16-r1-b0.1-s17,report/raw-results/multicast-4x4-8x8/tree_multicast-8x8-g8-f16-r1-b0.1-s17
8x8,64,8,27,common,16,1,0.1,0.0,1,23500.0,9000.0,2.611111111111111,6400.0,3300.0,0.484375,0.0293,0.05005,0.7081911262798635,15.001464986815119,25.625625625625627,report/raw-results/multicast-4x4-8x8/naive_unicast-8x8-g16-f1-r0.1-b0-s1,report/raw-results/multicast-4x4-8x8/tree_multicast-8x8-g16-f1-r0.1-b0-s1
8x8,64,8,27,common,16,1,0.1,0.0,7,26500.0,10000.0,2.65,6700.0,4000.0,0.4029850746268657,0.029248,0.05,0.7095185995623634,14.975138929511553,25.6,report/raw-results/multicast-4x4-8x8/naive_unicast-8x8-g16-f1-r0.1-b0-s7,report/raw-results/multicast-4x4-8x8/tree_multicast-8x8-g16-f1-r0.1-b0-s7
8x8,64,8,27,common,16,1,0.1,0.0,17,25500.0,9000.0,2.8333333333333335,6300.0,3100.0,0.5079365079365079,0.029265,0.05005,0.7102340679993164,14.98390400936494,25.625625625625627,report/raw-results/multicast-4x4-8x8/naive_unicast-8x8-g16-f1-r0.1-b0-s17,report/raw-results/multicast-4x4-8x8/tree_multicast-8x8-g16-f1-r0.1-b0-s17
8x8,64,8,27,common,16,1,0.1,0.1,1,23655.0,9000.0,2.6283333333333334,6400.0,3300.0,0.484375,0.0293,0.05005,0.7081911262798635,15.001464986815119,25.625625625625627,report/raw-results/multicast-4x4-8x8/naive_unicast-8x8-g16-f1-r0.1-b0.1-s1,report/raw-results/multicast-4x4-8x8/tree_multicast-8x8-g16-f1-r0.1-b0.1-s1
8x8,64,8,27,common,16,1,0.1,0.1,7,26670.0,10000.0,2.667,6700.0,4000.0,0.4029850746268657,0.029248,0.05,0.7095185995623634,14.975138929511553,25.6,report/raw-results/multicast-4x4-8x8/naive_unicast-8x8-g16-f1-r0.1-b0.1-s7,report/raw-results/multicast-4x4-8x8/tree_multicast-8x8-g16-f1-r0.1-b0.1-s7
8x8,64,8,27,common,16,1,0.1,0.1,17,25610.0,9000.0,2.8455555555555554,6300.0,3100.0,0.5079365079365079,0.029265,0.05005,0.7102340679993164,14.98390400936494,25.625625625625627,report/raw-results/multicast-4x4-8x8/naive_unicast-8x8-g16-f1-r0.1-b0.1-s17,report/raw-results/multicast-4x4-8x8/tree_multicast-8x8-g16-f1-r0.1-b0.1-s17
8x8,64,8,27,common,16,1,0.5,0.0,1,23500.0,9000.0,2.611111111111111,6400.0,3300.0,0.484375,0.0293,0.241546,7.243890784982936,15.001464986815119,123.67149758454106,report/raw-results/multicast-4x4-8x8/naive_unicast-8x8-g16-f1-r0.5-b0-s1,report/raw-results/multicast-4x4-8x8/tree_multicast-8x8-g16-f1-r0.5-b0-s1
8x8,64,8,27,common,16,1,0.5,0.0,7,26500.0,10000.0,2.65,6700.0,4000.0,0.4029850746268657,0.029248,0.240385,7.218852571115974,14.975138929511553,123.07692307692308,report/raw-results/multicast-4x4-8x8/naive_unicast-8x8-g16-f1-r0.5-b0-s7,report/raw-results/multicast-4x4-8x8/tree_multicast-8x8-g16-f1-r0.5-b0-s7
8x8,64,8,27,common,16,1,0.5,0.0,17,25500.0,9000.0,2.8333333333333335,6300.0,3100.0,0.5079365079365079,0.029265,0.241546,7.253750213565693,14.98390400936494,123.67149758454106,report/raw-results/multicast-4x4-8x8/naive_unicast-8x8-g16-f1-r0.5-b0-s17,report/raw-results/multicast-4x4-8x8/tree_multicast-8x8-g16-f1-r0.5-b0-s17
8x8,64,8,27,common,16,1,0.5,0.1,1,23655.0,9000.0,2.6283333333333334,6400.0,3300.0,0.484375,0.0293,0.241546,7.243890784982936,15.001464986815119,123.67149758454106,report/raw-results/multicast-4x4-8x8/naive_unicast-8x8-g16-f1-r0.5-b0.1-s1,report/raw-results/multicast-4x4-8x8/tree_multicast-8x8-g16-f1-r0.5-b0.1-s1
8x8,64,8,27,common,16,1,0.5,0.1,7,26670.0,10000.0,2.667,6700.0,4000.0,0.4029850746268657,0.029248,0.240385,7.218852571115974,14.975138929511553,123.07692307692308,report/raw-results/multicast-4x4-8x8/naive_unicast-8x8-g16-f1-r0.5-b0.1-s7,report/raw-results/multicast-4x4-8x8/tree_multicast-8x8-g16-f1-r0.5-b0.1-s7
8x8,64,8,27,common,16,1,0.5,0.1,17,25610.0,9000.0,2.8455555555555554,6300.0,3100.0,0.5079365079365079,0.029265,0.241546,7.253750213565693,14.98390400936494,123.67149758454106,report/raw-results/multicast-4x4-8x8/naive_unicast-8x8-g16-f1-r0.5-b0.1-s17,report/raw-results/multicast-4x4-8x8/tree_multicast-8x8-g16-f1-r0.5-b0.1-s17
8x8,64,8,27,common,16,1,1.0,0.0,1,23500.0,9000.0,2.611111111111111,6400.0,3300.0,0.484375,0.0293,0.241546,7.243890784982936,15.001464986815119,123.67149758454106,report/raw-results/multicast-4x4-8x8/naive_unicast-8x8-g16-f1-r1-b0-s1,report/raw-results/multicast-4x4-8x8/tree_multicast-8x8-g16-f1-r1-b0-s1
8x8,64,8,27,common,16,1,1.0,0.0,7,26500.0,10000.0,2.65,6700.0,4000.0,0.4029850746268657,0.029248,0.240385,7.218852571115974,14.975138929511553,123.07692307692308,report/raw-results/multicast-4x4-8x8/naive_unicast-8x8-g16-f1-r1-b0-s7,report/raw-results/multicast-4x4-8x8/tree_multicast-8x8-g16-f1-r1-b0-s7
8x8,64,8,27,common,16,1,1.0,0.0,17,25500.0,9000.0,2.8333333333333335,6300.0,3100.0,0.5079365079365079,0.029265,0.241546,7.253750213565693,14.98390400936494,123.67149758454106,report/raw-results/multicast-4x4-8x8/naive_unicast-8x8-g16-f1-r1-b0-s17,report/raw-results/multicast-4x4-8x8/tree_multicast-8x8-g16-f1-r1-b0-s17
8x8,64,8,27,common,16,1,1.0,0.1,1,23655.0,9000.0,2.6283333333333334,6400.0,3300.0,0.484375,0.0293,0.241546,7.243890784982936,15.001464986815119,123.67149758454106,report/raw-results/multicast-4x4-8x8/naive_unicast-8x8-g16-f1-r1-b0.1-s1,report/raw-results/multicast-4x4-8x8/tree_multicast-8x8-g16-f1-r1-b0.1-s1
8x8,64,8,27,common,16,1,1.0,0.1,7,26670.0,10000.0,2.667,6700.0,4000.0,0.4029850746268657,0.029248,0.240385,7.218852571115974,14.975138929511553,123.07692307692308,report/raw-results/multicast-4x4-8x8/naive_unicast-8x8-g16-f1-r1-b0.1-s7,report/raw-results/multicast-4x4-8x8/tree_multicast-8x8-g16-f1-r1-b0.1-s7
8x8,64,8,27,common,16,1,1.0,0.1,17,25610.0,9000.0,2.8455555555555554,6300.0,3100.0,0.5079365079365079,0.029265,0.241546,7.253750213565693,14.98390400936494,123.67149758454106,report/raw-results/multicast-4x4-8x8/naive_unicast-8x8-g16-f1-r1-b0.1-s17,report/raw-results/multicast-4x4-8x8/tree_multicast-8x8-g16-f1-r1-b0.1-s17
8x8,64,8,27,common,16,4,0.1,0.0,1,320000.0,16500.0,19.393939393939394,25600.0,13200.0,0.484375,0.011682,0.049677,3.2524396507447353,23.925233644859812,101.73869846000994,report/raw-results/multicast-4x4-8x8/naive_unicast-8x8-g16-f4-r0.1-b0-s1,report/raw-results/multicast-4x4-8x8/tree_multicast-8x8-g16-f4-r0.1-b0-s1
8x8,64,8,27,common,16,4,0.1,0.0,7,320000.0,17500.0,18.285714285714285,26800.0,16000.0,0.4029850746268657,0.011682,0.049628,3.2482451634994005,23.925233644859812,101.63771712158808,report/raw-results/multicast-4x4-8x8/naive_unicast-8x8-g16-f4-r0.1-b0-s7,report/raw-results/multicast-4x4-8x8/tree_multicast-8x8-g16-f4-r0.1-b0-s7
8x8,64,8,27,common,16,4,0.1,0.0,17,320000.0,16500.0,19.393939393939394,25200.0,12400.0,0.5079365079365079,0.011682,0.049677,3.2524396507447353,23.925233644859812,101.73869846000994,report/raw-results/multicast-4x4-8x8/naive_unicast-8x8-g16-f4-r0.1-b0-s17,report/raw-results/multicast-4x4-8x8/tree_multicast-8x8-g16-f4-r0.1-b0-s17
8x8,64,8,27,common,16,4,0.1,0.1,1,332685.0,16500.0,20.162727272727274,25600.0,13200.0,0.484375,0.011235,0.049677,3.4216288384512685,23.00865071340299,101.73869846000994,report/raw-results/multicast-4x4-8x8/naive_unicast-8x8-g16-f4-r0.1-b0.1-s1,report/raw-results/multicast-4x4-8x8/tree_multicast-8x8-g16-f4-r0.1-b0.1-s1
8x8,64,8,27,common,16,4,0.1,0.1,7,331735.0,17500.0,18.956285714285713,26800.0,16000.0,0.4029850746268657,0.011261,0.049628,3.407068643992541,23.063063063063062,101.63771712158808,report/raw-results/multicast-4x4-8x8/naive_unicast-8x8-g16-f4-r0.1-b0.1-s7,report/raw-results/multicast-4x4-8x8/tree_multicast-8x8-g16-f4-r0.1-b0.1-s7
8x8,64,8,27,common,16,4,0.1,0.1,17,330220.0,16500.0,20.013333333333332,25200.0,12400.0,0.5079365079365079,0.011317,0.049677,3.389590880975523,23.17790855590765,101.73869846000994,report/raw-results/multicast-4x4-8x8/naive_unicast-8x8-g16-f4-r0.1-b0.1-s17,report/raw-results/multicast-4x4-8x8/tree_multicast-8x8-g16-f4-r0.1-b0.1-s17
8x8,64,8,27,common,16,4,0.5,0.0,1,320000.0,38500.0,8.311688311688311,25600.0,13200.0,0.484375,0.011682,0.060205,4.153655196028078,23.925233644859812,123.29921733895245,report/raw-results/multicast-4x4-8x8/naive_unicast-8x8-g16-f4-r0.5-b0-s1,report/raw-results/multicast-4x4-8x8/tree_multicast-8x8-g16-f4-r0.5-b0-s1
8x8,64,8,27,common,16,4,0.5,0.0,7,320000.0,39500.0,8.10126582278481,26800.0,16000.0,0.4029850746268657,0.011682,0.060132,4.147406266050334,23.925233644859812,123.15093205051113,report/raw-results/multicast-4x4-8x8/naive_unicast-8x8-g16-f4-r0.5-b0-s7,report/raw-results/multicast-4x4-8x8/tree_multicast-8x8-g16-f4-r0.5-b0-s7
8x8,64,8,27,common,16,4,0.5,0.0,17,320000.0,38500.0,8.311688311688311,25200.0,12400.0,0.5079365079365079,0.011682,0.060205,4.153655196028078,23.925233644859812,123.29921733895245,report/raw-results/multicast-4x4-8x8/naive_unicast-8x8-g16-f4-r0.5-b0-s17,report/raw-results/multicast-4x4-8x8/tree_multicast-8x8-g16-f4-r0.5-b0-s17
8x8,64,8,27,common,16,4,0.5,0.1,1,332685.0,38500.0,8.641168831168832,25600.0,13200.0,0.484375,0.011235,0.060205,4.3587004895416115,23.00865071340299,123.29921733895245,report/raw-results/multicast-4x4-8x8/naive_unicast-8x8-g16-f4-r0.5-b0.1-s1,report/raw-results/multicast-4x4-8x8/tree_multicast-8x8-g16-f4-r0.5-b0.1-s1
8x8,64,8,27,common,16,4,0.5,0.1,7,331735.0,39520.0,8.394104251012147,26800.0,16000.0,0.4029850746268657,0.011261,0.060096,4.3366486102477575,23.063063063063062,123.07692307692308,report/raw-results/multicast-4x4-8x8/naive_unicast-8x8-g16-f4-r0.5-b0.1-s7,report/raw-results/multicast-4x4-8x8/tree_multicast-8x8-g16-f4-r0.5-b0.1-s7
8x8,64,8,27,common,16,4,0.5,0.1,17,330220.0,38500.0,8.577142857142857,25200.0,12400.0,0.5079365079365079,0.011317,0.060205,4.319872757798003,23.17790855590765,123.29921733895245,report/raw-results/multicast-4x4-8x8/naive_unicast-8x8-g16-f4-r0.5-b0.1-s17,report/raw-results/multicast-4x4-8x8/tree_multicast-8x8-g16-f4-r0.5-b0.1-s17
8x8,64,8,27,common,16,4,1.0,0.0,1,320000.0,38500.0,8.311688311688311,25600.0,13200.0,0.484375,0.011682,0.060205,4.153655196028078,23.925233644859812,123.29921733895245,report/raw-results/multicast-4x4-8x8/naive_unicast-8x8-g16-f4-r1-b0-s1,report/raw-results/multicast-4x4-8x8/tree_multicast-8x8-g16-f4-r1-b0-s1
8x8,64,8,27,common,16,4,1.0,0.0,7,320000.0,39500.0,8.10126582278481,26800.0,16000.0,0.4029850746268657,0.011682,0.060132,4.147406266050334,23.925233644859812,123.15093205051113,report/raw-results/multicast-4x4-8x8/naive_unicast-8x8-g16-f4-r1-b0-s7,report/raw-results/multicast-4x4-8x8/tree_multicast-8x8-g16-f4-r1-b0-s7
8x8,64,8,27,common,16,4,1.0,0.0,17,320000.0,38500.0,8.311688311688311,25200.0,12400.0,0.5079365079365079,0.011682,0.060205,4.153655196028078,23.925233644859812,123.29921733895245,report/raw-results/multicast-4x4-8x8/naive_unicast-8x8-g16-f4-r1-b0-s17,report/raw-results/multicast-4x4-8x8/tree_multicast-8x8-g16-f4-r1-b0-s17
8x8,64,8,27,common,16,4,1.0,0.1,1,332685.0,38500.0,8.641168831168832,25600.0,13200.0,0.484375,0.011235,0.060205,4.3587004895416115,23.00865071340299,123.29921733895245,report/raw-results/multicast-4x4-8x8/naive_unicast-8x8-g16-f4-r1-b0.1-s1,report/raw-results/multicast-4x4-8x8/tree_multicast-8x8-g16-f4-r1-b0.1-s1
8x8,64,8,27,common,16,4,1.0,0.1,7,331735.0,39520.0,8.394104251012147,26800.0,16000.0,0.4029850746268657,0.011261,0.060096,4.3366486102477575,23.063063063063062,123.07692307692308,report/raw-results/multicast-4x4-8x8/naive_unicast-8x8-g16-f4-r1-b0.1-s7,report/raw-results/multicast-4x4-8x8/tree_multicast-8x8-g16-f4-r1-b0.1-s7
8x8,64,8,27,common,16,4,1.0,0.1,17,330220.0,38500.0,8.577142857142857,25200.0,12400.0,0.5079365079365079,0.011317,0.060205,4.319872757798003,23.17790855590765,123.29921733895245,report/raw-results/multicast-4x4-8x8/naive_unicast-8x8-g16-f4-r1-b0.1-s17,report/raw-results/multicast-4x4-8x8/tree_multicast-8x8-g16-f4-r1-b0.1-s17
8x8,64,8,27,common,16,16,0.1,0.0,1,1280000.0,158500.0,8.07570977917981,102400.0,52800.0,0.484375,0.002921,0.012753,3.3659705580280725,23.925233644859812,104.47646983803087,report/raw-results/multicast-4x4-8x8/naive_unicast-8x8-g16-f16-r0.1-b0-s1,report/raw-results/multicast-4x4-8x8/tree_multicast-8x8-g16-f16-r0.1-b0-s1
8x8,64,8,27,common,16,16,0.1,0.0,7,1280000.0,159500.0,8.025078369905955,107200.0,64000.0,0.4029850746268657,0.002921,0.01275,3.3649435124957208,23.925233644859812,104.44982787198775,report/raw-results/multicast-4x4-8x8/naive_unicast-8x8-g16-f16-r0.1-b0-s7,report/raw-results/multicast-4x4-8x8/tree_multicast-8x8-g16-f16-r0.1-b0-s7
8x8,64,8,27,common,16,16,0.1,0.0,17,1280000.0,158500.0,8.07570977917981,100800.0,49600.0,0.5079365079365079,0.002921,0.012753,3.3659705580280725,23.925233644859812,104.47646983803087,report/raw-results/multicast-4x4-8x8/naive_unicast-8x8-g16-f16-r0.1-b0-s17,report/raw-results/multicast-4x4-8x8/tree_multicast-8x8-g16-f16-r0.1-b0-s17
8x8,64,8,27,common,16,16,0.1,0.1,1,1330830.0,158500.0,8.396403785488959,102400.0,52800.0,0.484375,0.00281,0.012753,3.5384341637010674,23.016408181613844,104.47646983803087,report/raw-results/multicast-4x4-8x8/naive_unicast-8x8-g16-f16-r0.1-b0.1-s1,report/raw-results/multicast-4x4-8x8/tree_multicast-8x8-g16-f16-r0.1-b0.1-s1
8x8,64,8,27,common,16,16,0.1,0.1,7,1328310.0,159500.0,8.327962382445142,107200.0,64000.0,0.4029850746268657,0.002813,0.01275,3.5325275506576608,23.04684203122802,104.44982787198775,report/raw-results/multicast-4x4-8x8/naive_unicast-8x8-g16-f16-r0.1-b0.1-s7,report/raw-results/multicast-4x4-8x8/tree_multicast-8x8-g16-f16-r0.1-b0.1-s7
8x8,64,8,27,common,16,16,0.1,0.1,17,1325365.0,158520.0,8.360869290941206,100800.0,49600.0,0.5079365079365079,0.002819,0.012752,3.5235899255054983,23.095573724274033,104.46314715633767,report/raw-results/multicast-4x4-8x8/naive_unicast-8x8-g16-f16-r0.1-b0.1-s17,report/raw-results/multicast-4x4-8x8/tree_multicast-8x8-g16-f16-r0.1-b0.1-s17
8x8,64,8,27,common,16,16,0.5,0.0,1,1280000.0,158500.0,8.07570977917981,102400.0,52800.0,0.484375,0.002921,0.012753,3.3659705580280725,23.925233644859812,104.47646983803087,report/raw-results/multicast-4x4-8x8/naive_unicast-8x8-g16-f16-r0.5-b0-s1,report/raw-results/multicast-4x4-8x8/tree_multicast-8x8-g16-f16-r0.5-b0-s1
8x8,64,8,27,common,16,16,0.5,0.0,7,1280000.0,159500.0,8.025078369905955,107200.0,64000.0,0.4029850746268657,0.002921,0.01275,3.3649435124957208,23.925233644859812,104.44982787198775,report/raw-results/multicast-4x4-8x8/naive_unicast-8x8-g16-f16-r0.5-b0-s7,report/raw-results/multicast-4x4-8x8/tree_multicast-8x8-g16-f16-r0.5-b0-s7
8x8,64,8,27,common,16,16,0.5,0.0,17,1280000.0,158500.0,8.07570977917981,100800.0,49600.0,0.5079365079365079,0.002921,0.012753,3.3659705580280725,23.925233644859812,104.47646983803087,report/raw-results/multicast-4x4-8x8/naive_unicast-8x8-g16-f16-r0.5-b0-s17,report/raw-results/multicast-4x4-8x8/tree_multicast-8x8-g16-f16-r0.5-b0-s17
8x8,64,8,27,common,16,16,0.5,0.1,1,1330830.0,158500.0,8.396403785488959,102400.0,52800.0,0.484375,0.00281,0.012753,3.5384341637010674,23.016408181613844,104.47646983803087,report/raw-results/multicast-4x4-8x8/naive_unicast-8x8-g16-f16-r0.5-b0.1-s1,report/raw-results/multicast-4x4-8x8/tree_multicast-8x8-g16-f16-r0.5-b0.1-s1
8x8,64,8,27,common,16,16,0.5,0.1,7,1328310.0,159500.0,8.327962382445142,107200.0,64000.0,0.4029850746268657,0.002813,0.01275,3.5325275506576608,23.04684203122802,104.44982787198775,report/raw-results/multicast-4x4-8x8/naive_unicast-8x8-g16-f16-r0.5-b0.1-s7,report/raw-results/multicast-4x4-8x8/tree_multicast-8x8-g16-f16-r0.5-b0.1-s7
8x8,64,8,27,common,16,16,0.5,0.1,17,1325365.0,158540.0,8.359814557840293,100800.0,49600.0,0.5079365079365079,0.002819,0.01275,3.522880454061724,23.095573724274033,104.44982787198775,report/raw-results/multicast-4x4-8x8/naive_unicast-8x8-g16-f16-r0.5-b0.1-s17,report/raw-results/multicast-4x4-8x8/tree_multicast-8x8-g16-f16-r0.5-b0.1-s17
8x8,64,8,27,common,16,16,1.0,0.0,1,1280000.0,158500.0,8.07570977917981,102400.0,52800.0,0.484375,0.002921,0.012753,3.3659705580280725,23.925233644859812,104.47646983803087,report/raw-results/multicast-4x4-8x8/naive_unicast-8x8-g16-f16-r1-b0-s1,report/raw-results/multicast-4x4-8x8/tree_multicast-8x8-g16-f16-r1-b0-s1
8x8,64,8,27,common,16,16,1.0,0.0,7,1280000.0,159500.0,8.025078369905955,107200.0,64000.0,0.4029850746268657,0.002921,0.01275,3.3649435124957208,23.925233644859812,104.44982787198775,report/raw-results/multicast-4x4-8x8/naive_unicast-8x8-g16-f16-r1-b0-s7,report/raw-results/multicast-4x4-8x8/tree_multicast-8x8-g16-f16-r1-b0-s7
8x8,64,8,27,common,16,16,1.0,0.0,17,1280000.0,158500.0,8.07570977917981,100800.0,49600.0,0.5079365079365079,0.002921,0.012753,3.3659705580280725,23.925233644859812,104.47646983803087,report/raw-results/multicast-4x4-8x8/naive_unicast-8x8-g16-f16-r1-b0-s17,report/raw-results/multicast-4x4-8x8/tree_multicast-8x8-g16-f16-r1-b0-s17
8x8,64,8,27,common,16,16,1.0,0.1,1,1330830.0,158500.0,8.396403785488959,102400.0,52800.0,0.484375,0.00281,0.012753,3.5384341637010674,23.016408181613844,104.47646983803087,report/raw-results/multicast-4x4-8x8/naive_unicast-8x8-g16-f16-r1-b0.1-s1,report/raw-results/multicast-4x4-8x8/tree_multicast-8x8-g16-f16-r1-b0.1-s1
8x8,64,8,27,common,16,16,1.0,0.1,7,1328310.0,159500.0,8.327962382445142,107200.0,64000.0,0.4029850746268657,0.002813,0.01275,3.5325275506576608,23.04684203122802,104.44982787198775,report/raw-results/multicast-4x4-8x8/naive_unicast-8x8-g16-f16-r1-b0.1-s7,report/raw-results/multicast-4x4-8x8/tree_multicast-8x8-g16-f16-r1-b0.1-s7
8x8,64,8,27,common,16,16,1.0,0.1,17,1325365.0,158540.0,8.359814557840293,100800.0,49600.0,0.5079365079365079,0.002819,0.01275,3.522880454061724,23.095573724274033,104.44982787198775,report/raw-results/multicast-4x4-8x8/naive_unicast-8x8-g16-f16-r1-b0.1-s17,report/raw-results/multicast-4x4-8x8/tree_multicast-8x8-g16-f16-r1-b0.1-s17
8x8,64,8,27,scaleout,32,1,0.1,0.0,1,41500.0,10000.0,4.15,13000.0,4800.0,0.6307692307692307,0.015579,0.05,2.2094486167276464,15.952640598224024,51.2,report/raw-results/multicast-4x4-8x8/naive_unicast-8x8-g32-f1-r0.1-b0-s1,report/raw-results/multicast-4x4-8x8/tree_multicast-8x8-g32-f1-r0.1-b0-s1
8x8,64,8,27,scaleout,32,1,0.1,0.0,7,41500.0,10000.0,4.15,13400.0,5300.0,0.6044776119402986,0.015579,0.05,2.2094486167276464,15.952640598224024,51.2,report/raw-results/multicast-4x4-8x8/naive_unicast-8x8-g32-f1-r0.1-b0-s7,report/raw-results/multicast-4x4-8x8/tree_multicast-8x8-g32-f1-r0.1-b0-s7
8x8,64,8,27,scaleout,32,1,0.1,0.0,17,42500.0,10000.0,4.25,12400.0,4500.0,0.6370967741935484,0.015108,0.05,2.3095048980672495,15.470614896510048,51.2,report/raw-results/multicast-4x4-8x8/naive_unicast-8x8-g32-f1-r0.1-b0-s17,report/raw-results/multicast-4x4-8x8/tree_multicast-8x8-g32-f1-r0.1-b0-s17
8x8,64,8,27,scaleout,32,1,0.1,0.1,1,41735.0,10000.0,4.1735,13000.0,4800.0,0.6307692307692307,0.015576,0.05,2.2100667693888036,15.950155763239875,51.2,report/raw-results/multicast-4x4-8x8/naive_unicast-8x8-g32-f1-r0.1-b0.1-s1,report/raw-results/multicast-4x4-8x8/tree_multicast-8x8-g32-f1-r0.1-b0.1-s1
8x8,64,8,27,scaleout,32,1,0.1,0.1,7,41605.0,10000.0,4.1605,13400.0,5300.0,0.6044776119402986,0.015579,0.05,2.2094486167276464,15.952640598224024,51.2,report/raw-results/multicast-4x4-8x8/naive_unicast-8x8-g32-f1-r0.1-b0.1-s7,report/raw-results/multicast-4x4-8x8/tree_multicast-8x8-g32-f1-r0.1-b0.1-s7
8x8,64,8,27,scaleout,32,1,0.1,0.1,17,42660.0,10000.0,4.266,12400.0,4500.0,0.6370967741935484,0.015103,0.05,2.3106005429384893,15.465941700649449,51.2,report/raw-results/multicast-4x4-8x8/naive_unicast-8x8-g32-f1-r0.1-b0.1-s17,report/raw-results/multicast-4x4-8x8/tree_multicast-8x8-g32-f1-r0.1-b0.1-s17
8x8,64,8,27,scaleout,32,1,0.5,0.0,1,41500.0,10000.0,4.15,13000.0,4800.0,0.6307692307692307,0.015579,0.240385,14.430066114641503,15.952640598224024,246.15384615384616,report/raw-results/multicast-4x4-8x8/naive_unicast-8x8-g32-f1-r0.5-b0-s1,report/raw-results/multicast-4x4-8x8/tree_multicast-8x8-g32-f1-r0.5-b0-s1
8x8,64,8,27,scaleout,32,1,0.5,0.0,7,41500.0,10000.0,4.15,13400.0,5300.0,0.6044776119402986,0.015579,0.240385,14.430066114641503,15.952640598224024,246.15384615384616,report/raw-results/multicast-4x4-8x8/naive_unicast-8x8-g32-f1-r0.5-b0-s7,report/raw-results/multicast-4x4-8x8/tree_multicast-8x8-g32-f1-r0.5-b0-s7
8x8,64,8,27,scaleout,32,1,0.5,0.0,17,42500.0,10000.0,4.25,12400.0,4500.0,0.6370967741935484,0.015108,0.240385,14.911106698437912,15.470614896510048,246.15384615384616,report/raw-results/multicast-4x4-8x8/naive_unicast-8x8-g32-f1-r0.5-b0-s17,report/raw-results/multicast-4x4-8x8/tree_multicast-8x8-g32-f1-r0.5-b0-s17
8x8,64,8,27,scaleout,32,1,0.5,0.1,1,41735.0,10000.0,4.1735,13000.0,4800.0,0.6307692307692307,0.015576,0.240385,14.433038007190548,15.950155763239875,246.15384615384616,report/raw-results/multicast-4x4-8x8/naive_unicast-8x8-g32-f1-r0.5-b0.1-s1,report/raw-results/multicast-4x4-8x8/tree_multicast-8x8-g32-f1-r0.5-b0.1-s1
8x8,64,8,27,scaleout,32,1,0.5,0.1,7,41605.0,10000.0,4.1605,13400.0,5300.0,0.6044776119402986,0.015579,0.240385,14.430066114641503,15.952640598224024,246.15384615384616,report/raw-results/multicast-4x4-8x8/naive_unicast-8x8-g32-f1-r0.5-b0.1-s7,report/raw-results/multicast-4x4-8x8/tree_multicast-8x8-g32-f1-r0.5-b0.1-s7
8x8,64,8,27,scaleout,32,1,0.5,0.1,17,42660.0,10000.0,4.266,12400.0,4500.0,0.6370967741935484,0.015103,0.240385,14.916374230285372,15.465941700649449,246.15384615384616,report/raw-results/multicast-4x4-8x8/naive_unicast-8x8-g32-f1-r0.5-b0.1-s17,report/raw-results/multicast-4x4-8x8/tree_multicast-8x8-g32-f1-r0.5-b0.1-s17
8x8,64,8,27,scaleout,32,1,1.0,0.0,1,41500.0,10000.0,4.15,13000.0,4800.0,0.6307692307692307,0.015579,0.240385,14.430066114641503,15.952640598224024,246.15384615384616,report/raw-results/multicast-4x4-8x8/naive_unicast-8x8-g32-f1-r1-b0-s1,report/raw-results/multicast-4x4-8x8/tree_multicast-8x8-g32-f1-r1-b0-s1
8x8,64,8,27,scaleout,32,1,1.0,0.0,7,41500.0,10000.0,4.15,13400.0,5300.0,0.6044776119402986,0.015579,0.240385,14.430066114641503,15.952640598224024,246.15384615384616,report/raw-results/multicast-4x4-8x8/naive_unicast-8x8-g32-f1-r1-b0-s7,report/raw-results/multicast-4x4-8x8/tree_multicast-8x8-g32-f1-r1-b0-s7
8x8,64,8,27,scaleout,32,1,1.0,0.0,17,42500.0,10000.0,4.25,12400.0,4500.0,0.6370967741935484,0.015108,0.240385,14.911106698437912,15.470614896510048,246.15384615384616,report/raw-results/multicast-4x4-8x8/naive_unicast-8x8-g32-f1-r1-b0-s17,report/raw-results/multicast-4x4-8x8/tree_multicast-8x8-g32-f1-r1-b0-s17
8x8,64,8,27,scaleout,32,1,1.0,0.1,1,41735.0,10000.0,4.1735,13000.0,4800.0,0.6307692307692307,0.015576,0.240385,14.433038007190548,15.950155763239875,246.15384615384616,report/raw-results/multicast-4x4-8x8/naive_unicast-8x8-g32-f1-r1-b0.1-s1,report/raw-results/multicast-4x4-8x8/tree_multicast-8x8-g32-f1-r1-b0.1-s1
8x8,64,8,27,scaleout,32,1,1.0,0.1,7,41605.0,10000.0,4.1605,13400.0,5300.0,0.6044776119402986,0.015579,0.240385,14.430066114641503,15.952640598224024,246.15384615384616,report/raw-results/multicast-4x4-8x8/naive_unicast-8x8-g32-f1-r1-b0.1-s7,report/raw-results/multicast-4x4-8x8/tree_multicast-8x8-g32-f1-r1-b0.1-s7
8x8,64,8,27,scaleout,32,1,1.0,0.1,17,42660.0,10000.0,4.266,12400.0,4500.0,0.6370967741935484,0.015103,0.240385,14.916374230285372,15.465941700649449,246.15384615384616,report/raw-results/multicast-4x4-8x8/naive_unicast-8x8-g32-f1-r1-b0.1-s17,report/raw-results/multicast-4x4-8x8/tree_multicast-8x8-g32-f1-r1-b0.1-s17
8x8,64,8,27,scaleout,32,4,0.1,0.0,1,620000.0,17500.0,35.42857142857143,52000.0,19200.0,0.6307692307692307,0.006031,0.049628,7.228817774830045,24.701483536364734,203.27543424317616,report/raw-results/multicast-4x4-8x8/naive_unicast-8x8-g32-f4-r0.1-b0-s1,report/raw-results/multicast-4x4-8x8/tree_multicast-8x8-g32-f4-r0.1-b0-s1
8x8,64,8,27,scaleout,32,4,0.1,0.0,7,620000.0,17500.0,35.42857142857143,53600.0,21200.0,0.6044776119402986,0.006031,0.049628,7.228817774830045,24.701483536364734,203.27543424317616,report/raw-results/multicast-4x4-8x8/naive_unicast-8x8-g32-f4-r0.1-b0-s7,report/raw-results/multicast-4x4-8x8/tree_multicast-8x8-g32-f4-r0.1-b0-s7
8x8,64,8,27,scaleout,32,4,0.1,0.0,17,640000.0,17500.0,36.57142857142857,49600.0,18000.0,0.6370967741935484,0.005841,0.049628,7.496490326998801,23.925233644859812,203.27543424317616,report/raw-results/multicast-4x4-8x8/naive_unicast-8x8-g32-f4-r0.1-b0-s17,report/raw-results/multicast-4x4-8x8/tree_multicast-8x8-g32-f4-r0.1-b0-s17
8x8,64,8,27,scaleout,32,4,0.1,0.1,1,644480.0,17500.0,36.82742857142857,52000.0,19200.0,0.6307692307692307,0.0058,0.049628,7.556551724137931,23.757322661098545,203.27543424317616,report/raw-results/multicast-4x4-8x8/naive_unicast-8x8-g32-f4-r0.1-b0.1-s1,report/raw-results/multicast-4x4-8x8/tree_multicast-8x8-g32-f4-r0.1-b0.1-s1
8x8,64,8,27,scaleout,32,4,0.1,0.1,7,644655.0,17500.0,36.837428571428575,53600.0,21200.0,0.6044776119402986,0.005792,0.049628,7.568370165745856,23.725671918443002,203.27543424317616,report/raw-results/multicast-4x4-8x8/naive_unicast-8x8-g32-f4-r0.1-b0.1-s7,report/raw-results/multicast-4x4-8x8/tree_multicast-8x8-g32-f4-r0.1-b0.1-s7
8x8,64,8,27,scaleout,32,4,0.1,0.1,17,663455.0,17500.0,37.91171428571428,49600.0,18000.0,0.6370967741935484,0.005633,0.049628,7.81022545712764,23.072156818565876,203.27543424317616,report/raw-results/multicast-4x4-8x8/naive_unicast-8x8-g32-f4-r0.1-b0.1-s17,report/raw-results/multicast-4x4-8x8/tree_multicast-8x8-g32-f4-r0.1-b0.1-s17
8x8,64,8,27,scaleout,32,4,0.5,0.0,1,620000.0,39500.0,15.69620253164557,52000.0,19200.0,0.6307692307692307,0.006031,0.060132,8.970485823246559,24.701483536364734,246.30186410102226,report/raw-results/multicast-4x4-8x8/naive_unicast-8x8-g32-f4-r0.5-b0-s1,report/raw-results/multicast-4x4-8x8/tree_multicast-8x8-g32-f4-r0.5-b0-s1
8x8,64,8,27,scaleout,32,4,0.5,0.0,7,620000.0,39500.0,15.69620253164557,53600.0,21200.0,0.6044776119402986,0.006031,0.060132,8.970485823246559,24.701483536364734,246.30186410102226,report/raw-results/multicast-4x4-8x8/naive_unicast-8x8-g32-f4-r0.5-b0-s7,report/raw-results/multicast-4x4-8x8/tree_multicast-8x8-g32-f4-r0.5-b0-s7
8x8,64,8,27,scaleout,32,4,0.5,0.0,17,640000.0,39500.0,16.20253164556962,49600.0,18000.0,0.6370967741935484,0.005841,0.060132,9.294812532100668,23.925233644859812,246.30186410102226,report/raw-results/multicast-4x4-8x8/naive_unicast-8x8-g32-f4-r0.5-b0-s17,report/raw-results/multicast-4x4-8x8/tree_multicast-8x8-g32-f4-r0.5-b0-s17
8x8,64,8,27,scaleout,32,4,0.5,0.1,1,644480.0,39500.0,16.315949367088606,52000.0,19200.0,0.6307692307692307,0.0058,0.060132,9.367586206896553,23.757322661098545,246.30186410102226,report/raw-results/multicast-4x4-8x8/naive_unicast-8x8-g32-f4-r0.5-b0.1-s1,report/raw-results/multicast-4x4-8x8/tree_multicast-8x8-g32-f4-r0.5-b0.1-s1
8x8,64,8,27,scaleout,32,4,0.5,0.1,7,644655.0,39520.0,16.312120445344128,53600.0,21200.0,0.6044776119402986,0.005792,0.060096,9.375690607734805,23.725671918443002,246.15384615384616,report/raw-results/multicast-4x4-8x8/naive_unicast-8x8-g32-f4-r0.5-b0.1-s7,report/raw-results/multicast-4x4-8x8/tree_multicast-8x8-g32-f4-r0.5-b0.1-s7
8x8,64,8,27,scaleout,32,4,0.5,0.1,17,663455.0,39500.0,16.79632911392405,49600.0,18000.0,0.6370967741935484,0.005633,0.060132,9.674951180543227,23.072156818565876,246.30186410102226,report/raw-results/multicast-4x4-8x8/naive_unicast-8x8-g32-f4-r0.5-b0.1-s17,report/raw-results/multicast-4x4-8x8/tree_multicast-8x8-g32-f4-r0.5-b0.1-s17
8x8,64,8,27,scaleout,32,4,1.0,0.0,1,620000.0,39500.0,15.69620253164557,52000.0,19200.0,0.6307692307692307,0.006031,0.060132,8.970485823246559,24.701483536364734,246.30186410102226,report/raw-results/multicast-4x4-8x8/naive_unicast-8x8-g32-f4-r1-b0-s1,report/raw-results/multicast-4x4-8x8/tree_multicast-8x8-g32-f4-r1-b0-s1
8x8,64,8,27,scaleout,32,4,1.0,0.0,7,620000.0,39500.0,15.69620253164557,53600.0,21200.0,0.6044776119402986,0.006031,0.060132,8.970485823246559,24.701483536364734,246.30186410102226,report/raw-results/multicast-4x4-8x8/naive_unicast-8x8-g32-f4-r1-b0-s7,report/raw-results/multicast-4x4-8x8/tree_multicast-8x8-g32-f4-r1-b0-s7
8x8,64,8,27,scaleout,32,4,1.0,0.0,17,640000.0,39500.0,16.20253164556962,49600.0,18000.0,0.6370967741935484,0.005841,0.060132,9.294812532100668,23.925233644859812,246.30186410102226,report/raw-results/multicast-4x4-8x8/naive_unicast-8x8-g32-f4-r1-b0-s17,report/raw-results/multicast-4x4-8x8/tree_multicast-8x8-g32-f4-r1-b0-s17
8x8,64,8,27,scaleout,32,4,1.0,0.1,1,644480.0,39500.0,16.315949367088606,52000.0,19200.0,0.6307692307692307,0.0058,0.060132,9.367586206896553,23.757322661098545,246.30186410102226,report/raw-results/multicast-4x4-8x8/naive_unicast-8x8-g32-f4-r1-b0.1-s1,report/raw-results/multicast-4x4-8x8/tree_multicast-8x8-g32-f4-r1-b0.1-s1
8x8,64,8,27,scaleout,32,4,1.0,0.1,7,644655.0,39520.0,16.312120445344128,53600.0,21200.0,0.6044776119402986,0.005792,0.060096,9.375690607734805,23.725671918443002,246.15384615384616,report/raw-results/multicast-4x4-8x8/naive_unicast-8x8-g32-f4-r1-b0.1-s7,report/raw-results/multicast-4x4-8x8/tree_multicast-8x8-g32-f4-r1-b0.1-s7
8x8,64,8,27,scaleout,32,4,1.0,0.1,17,663455.0,39500.0,16.79632911392405,49600.0,18000.0,0.6370967741935484,0.005633,0.060132,9.674951180543227,23.072156818565876,246.30186410102226,report/raw-results/multicast-4x4-8x8/naive_unicast-8x8-g32-f4-r1-b0.1-s17,report/raw-results/multicast-4x4-8x8/tree_multicast-8x8-g32-f4-r1-b0.1-s17
8x8,64,8,27,scaleout,32,16,0.1,0.0,1,2480000.0,159500.0,15.54858934169279,208000.0,76800.0,0.6307692307692307,0.001508,0.01275,7.454907161803712,24.703718223214015,208.8996557439755,report/raw-results/multicast-4x4-8x8/naive_unicast-8x8-g32-f16-r0.1-b0-s1,report/raw-results/multicast-4x4-8x8/tree_multicast-8x8-g32-f16-r0.1-b0-s1
8x8,64,8,27,scaleout,32,16,0.1,0.0,7,2480000.0,159500.0,15.54858934169279,214400.0,84800.0,0.6044776119402986,0.001508,0.01275,7.454907161803712,24.703718223214015,208.8996557439755,report/raw-results/multicast-4x4-8x8/naive_unicast-8x8-g32-f16-r0.1-b0-s7,report/raw-results/multicast-4x4-8x8/tree_multicast-8x8-g32-f16-r0.1-b0-s7
8x8,64,8,27,scaleout,32,16,0.1,0.0,17,2560000.0,159500.0,16.05015673981191,198400.0,72000.0,0.6370967741935484,0.00146,0.01275,7.732876712328768,23.925233644859812,208.8996557439755,report/raw-results/multicast-4x4-8x8/naive_unicast-8x8-g32-f16-r0.1-b0-s17,report/raw-results/multicast-4x4-8x8/tree_multicast-8x8-g32-f16-r0.1-b0-s17
8x8,64,8,27,scaleout,32,16,0.1,0.1,1,2577235.0,159500.0,16.1582131661442,208000.0,76800.0,0.6307692307692307,0.00145,0.01275,7.793103448275863,23.764559128555472,208.8996557439755,report/raw-results/multicast-4x4-8x8/naive_unicast-8x8-g32-f16-r0.1-b0.1-s1,report/raw-results/multicast-4x4-8x8/tree_multicast-8x8-g32-f16-r0.1-b0.1-s1
8x8,64,8,27,scaleout,32,16,0.1,0.1,7,2572305.0,159500.0,16.12730407523511,214400.0,84800.0,0.6044776119402986,0.001453,0.01275,7.7749483826565715,23.805649192142276,208.8996557439755,report/raw-results/multicast-4x4-8x8/naive_unicast-8x8-g32-f16-r0.1-b0.1-s7,report/raw-results/multicast-4x4-8x8/tree_multicast-8x8-g32-f16-r0.1-b0.1-s7
8x8,64,8,27,scaleout,32,16,0.1,0.1,17,2658920.0,159520.0,16.66825476429288,198400.0,72000.0,0.6370967741935484,0.001406,0.012749,8.067567567567568,23.03452929929142,208.8730239673636,report/raw-results/multicast-4x4-8x8/naive_unicast-8x8-g32-f16-r0.1-b0.1-s17,report/raw-results/multicast-4x4-8x8/tree_multicast-8x8-g32-f16-r0.1-b0.1-s17
8x8,64,8,27,scaleout,32,16,0.5,0.0,1,2480000.0,159500.0,15.54858934169279,208000.0,76800.0,0.6307692307692307,0.001508,0.01275,7.454907161803712,24.703718223214015,208.8996557439755,report/raw-results/multicast-4x4-8x8/naive_unicast-8x8-g32-f16-r0.5-b0-s1,report/raw-results/multicast-4x4-8x8/tree_multicast-8x8-g32-f16-r0.5-b0-s1
8x8,64,8,27,scaleout,32,16,0.5,0.0,7,2480000.0,159500.0,15.54858934169279,214400.0,84800.0,0.6044776119402986,0.001508,0.01275,7.454907161803712,24.703718223214015,208.8996557439755,report/raw-results/multicast-4x4-8x8/naive_unicast-8x8-g32-f16-r0.5-b0-s7,report/raw-results/multicast-4x4-8x8/tree_multicast-8x8-g32-f16-r0.5-b0-s7
8x8,64,8,27,scaleout,32,16,0.5,0.0,17,2560000.0,159500.0,16.05015673981191,198400.0,72000.0,0.6370967741935484,0.00146,0.01275,7.732876712328768,23.925233644859812,208.8996557439755,report/raw-results/multicast-4x4-8x8/naive_unicast-8x8-g32-f16-r0.5-b0-s17,report/raw-results/multicast-4x4-8x8/tree_multicast-8x8-g32-f16-r0.5-b0-s17
8x8,64,8,27,scaleout,32,16,0.5,0.1,1,2577235.0,159500.0,16.1582131661442,208000.0,76800.0,0.6307692307692307,0.00145,0.01275,7.793103448275863,23.764559128555472,208.8996557439755,report/raw-results/multicast-4x4-8x8/naive_unicast-8x8-g32-f16-r0.5-b0.1-s1,report/raw-results/multicast-4x4-8x8/tree_multicast-8x8-g32-f16-r0.5-b0.1-s1
8x8,64,8,27,scaleout,32,16,0.5,0.1,7,2572305.0,159500.0,16.12730407523511,214400.0,84800.0,0.6044776119402986,0.001453,0.01275,7.7749483826565715,23.805649192142276,208.8996557439755,report/raw-results/multicast-4x4-8x8/naive_unicast-8x8-g32-f16-r0.5-b0.1-s7,report/raw-results/multicast-4x4-8x8/tree_multicast-8x8-g32-f16-r0.5-b0.1-s7
8x8,64,8,27,scaleout,32,16,0.5,0.1,17,2658920.0,159540.0,16.66616522502194,198400.0,72000.0,0.6370967741935484,0.001406,0.012747,8.066145092460882,23.03452929929142,208.84639898024218,report/raw-results/multicast-4x4-8x8/naive_unicast-8x8-g32-f16-r0.5-b0.1-s17,report/raw-results/multicast-4x4-8x8/tree_multicast-8x8-g32-f16-r0.5-b0.1-s17
8x8,64,8,27,scaleout,32,16,1.0,0.0,1,2480000.0,159500.0,15.54858934169279,208000.0,76800.0,0.6307692307692307,0.001508,0.01275,7.454907161803712,24.703718223214015,208.8996557439755,report/raw-results/multicast-4x4-8x8/naive_unicast-8x8-g32-f16-r1-b0-s1,report/raw-results/multicast-4x4-8x8/tree_multicast-8x8-g32-f16-r1-b0-s1
8x8,64,8,27,scaleout,32,16,1.0,0.0,7,2480000.0,159500.0,15.54858934169279,214400.0,84800.0,0.6044776119402986,0.001508,0.01275,7.454907161803712,24.703718223214015,208.8996557439755,report/raw-results/multicast-4x4-8x8/naive_unicast-8x8-g32-f16-r1-b0-s7,report/raw-results/multicast-4x4-8x8/tree_multicast-8x8-g32-f16-r1-b0-s7
8x8,64,8,27,scaleout,32,16,1.0,0.0,17,2560000.0,159500.0,16.05015673981191,198400.0,72000.0,0.6370967741935484,0.00146,0.01275,7.732876712328768,23.925233644859812,208.8996557439755,report/raw-results/multicast-4x4-8x8/naive_unicast-8x8-g32-f16-r1-b0-s17,report/raw-results/multicast-4x4-8x8/tree_multicast-8x8-g32-f16-r1-b0-s17
8x8,64,8,27,scaleout,32,16,1.0,0.1,1,2577235.0,159500.0,16.1582131661442,208000.0,76800.0,0.6307692307692307,0.00145,0.01275,7.793103448275863,23.764559128555472,208.8996557439755,report/raw-results/multicast-4x4-8x8/naive_unicast-8x8-g32-f16-r1-b0.1-s1,report/raw-results/multicast-4x4-8x8/tree_multicast-8x8-g32-f16-r1-b0.1-s1
8x8,64,8,27,scaleout,32,16,1.0,0.1,7,2572305.0,159500.0,16.12730407523511,214400.0,84800.0,0.6044776119402986,0.001453,0.01275,7.7749483826565715,23.805649192142276,208.8996557439755,report/raw-results/multicast-4x4-8x8/naive_unicast-8x8-g32-f16-r1-b0.1-s7,report/raw-results/multicast-4x4-8x8/tree_multicast-8x8-g32-f16-r1-b0.1-s7
8x8,64,8,27,scaleout,32,16,1.0,0.1,17,2658920.0,159540.0,16.66616522502194,198400.0,72000.0,0.6370967741935484,0.001406,0.012747,8.066145092460882,23.03452929929142,208.84639898024218,report/raw-results/multicast-4x4-8x8/naive_unicast-8x8-g32-f16-r1-b0.1-s17,report/raw-results/multicast-4x4-8x8/tree_multicast-8x8-g32-f16-r1-b0.1-s17
8x8,64,8,27,scaleout,64,1,0.1,0.0,1,73500.0,10000.0,7.35,25600.0,6300.0,0.75390625,0.007801,0.05,5.409434687860531,15.976285201653795,102.4,report/raw-results/multicast-4x4-8x8/naive_unicast-8x8-g64-f1-r0.1-b0-s1,report/raw-results/multicast-4x4-8x8/tree_multicast-8x8-g64-f1-r0.1-b0-s1
8x8,64,8,27,scaleout,64,1,0.1,0.0,7,73500.0,10000.0,7.35,25600.0,6300.0,0.75390625,0.007801,0.05,5.409434687860531,15.976285201653795,102.4,report/raw-results/multicast-4x4-8x8/naive_unicast-8x8-g64-f1-r0.1-b0-s7,report/raw-results/multicast-4x4-8x8/tree_multicast-8x8-g64-f1-r0.1-b0-s7
8x8,64,8,27,scaleout,64,1,0.1,0.0,17,73500.0,10000.0,7.35,25600.0,6300.0,0.75390625,0.007801,0.05,5.409434687860531,15.976285201653795,102.4,report/raw-results/multicast-4x4-8x8/naive_unicast-8x8-g64-f1-r0.1-b0-s17,report/raw-results/multicast-4x4-8x8/tree_multicast-8x8-g64-f1-r0.1-b0-s17
8x8,64,8,27,scaleout,64,1,0.1,0.1,1,73705.0,10000.0,7.3705,25600.0,6300.0,0.75390625,0.007801,0.05,5.409434687860531,15.976285201653795,102.4,report/raw-results/multicast-4x4-8x8/naive_unicast-8x8-g64-f1-r0.1-b0.1-s1,report/raw-results/multicast-4x4-8x8/tree_multicast-8x8-g64-f1-r0.1-b0.1-s1
8x8,64,8,27,scaleout,64,1,0.1,0.1,7,73655.0,10000.0,7.3655,25600.0,6300.0,0.75390625,0.007801,0.05,5.409434687860531,15.976285201653795,102.4,report/raw-results/multicast-4x4-8x8/naive_unicast-8x8-g64-f1-r0.1-b0.1-s7,report/raw-results/multicast-4x4-8x8/tree_multicast-8x8-g64-f1-r0.1-b0.1-s7
8x8,64,8,27,scaleout,64,1,0.1,0.1,17,73685.0,10000.0,7.3685,25600.0,6300.0,0.75390625,0.007801,0.05,5.409434687860531,15.976285201653795,102.4,report/raw-results/multicast-4x4-8x8/naive_unicast-8x8-g64-f1-r0.1-b0.1-s17,report/raw-results/multicast-4x4-8x8/tree_multicast-8x8-g64-f1-r0.1-b0.1-s17
8x8,64,8,27,scaleout,64,1,0.5,0.0,1,73500.0,10000.0,7.35,25600.0,6300.0,0.75390625,0.007801,0.240385,29.814639148827073,15.976285201653795,492.3076923076923,report/raw-results/multicast-4x4-8x8/naive_unicast-8x8-g64-f1-r0.5-b0-s1,report/raw-results/multicast-4x4-8x8/tree_multicast-8x8-g64-f1-r0.5-b0-s1
8x8,64,8,27,scaleout,64,1,0.5,0.0,7,73500.0,10000.0,7.35,25600.0,6300.0,0.75390625,0.007801,0.240385,29.814639148827073,15.976285201653795,492.3076923076923,report/raw-results/multicast-4x4-8x8/naive_unicast-8x8-g64-f1-r0.5-b0-s7,report/raw-results/multicast-4x4-8x8/tree_multicast-8x8-g64-f1-r0.5-b0-s7
8x8,64,8,27,scaleout,64,1,0.5,0.0,17,73500.0,10000.0,7.35,25600.0,6300.0,0.75390625,0.007801,0.240385,29.814639148827073,15.976285201653795,492.3076923076923,report/raw-results/multicast-4x4-8x8/naive_unicast-8x8-g64-f1-r0.5-b0-s17,report/raw-results/multicast-4x4-8x8/tree_multicast-8x8-g64-f1-r0.5-b0-s17
8x8,64,8,27,scaleout,64,1,0.5,0.1,1,73705.0,10000.0,7.3705,25600.0,6300.0,0.75390625,0.007801,0.240385,29.814639148827073,15.976285201653795,492.3076923076923,report/raw-results/multicast-4x4-8x8/naive_unicast-8x8-g64-f1-r0.5-b0.1-s1,report/raw-results/multicast-4x4-8x8/tree_multicast-8x8-g64-f1-r0.5-b0.1-s1
8x8,64,8,27,scaleout,64,1,0.5,0.1,7,73655.0,10000.0,7.3655,25600.0,6300.0,0.75390625,0.007801,0.240385,29.814639148827073,15.976285201653795,492.3076923076923,report/raw-results/multicast-4x4-8x8/naive_unicast-8x8-g64-f1-r0.5-b0.1-s7,report/raw-results/multicast-4x4-8x8/tree_multicast-8x8-g64-f1-r0.5-b0.1-s7
8x8,64,8,27,scaleout,64,1,0.5,0.1,17,73685.0,10000.0,7.3685,25600.0,6300.0,0.75390625,0.007801,0.240385,29.814639148827073,15.976285201653795,492.3076923076923,report/raw-results/multicast-4x4-8x8/naive_unicast-8x8-g64-f1-r0.5-b0.1-s17,report/raw-results/multicast-4x4-8x8/tree_multicast-8x8-g64-f1-r0.5-b0.1-s17
8x8,64,8,27,scaleout,64,1,1.0,0.0,1,73500.0,10000.0,7.35,25600.0,6300.0,0.75390625,0.007801,0.240385,29.814639148827073,15.976285201653795,492.3076923076923,report/raw-results/multicast-4x4-8x8/naive_unicast-8x8-g64-f1-r1-b0-s1,report/raw-results/multicast-4x4-8x8/tree_multicast-8x8-g64-f1-r1-b0-s1
8x8,64,8,27,scaleout,64,1,1.0,0.0,7,73500.0,10000.0,7.35,25600.0,6300.0,0.75390625,0.007801,0.240385,29.814639148827073,15.976285201653795,492.3076923076923,report/raw-results/multicast-4x4-8x8/naive_unicast-8x8-g64-f1-r1-b0-s7,report/raw-results/multicast-4x4-8x8/tree_multicast-8x8-g64-f1-r1-b0-s7
8x8,64,8,27,scaleout,64,1,1.0,0.0,17,73500.0,10000.0,7.35,25600.0,6300.0,0.75390625,0.007801,0.240385,29.814639148827073,15.976285201653795,492.3076923076923,report/raw-results/multicast-4x4-8x8/naive_unicast-8x8-g64-f1-r1-b0-s17,report/raw-results/multicast-4x4-8x8/tree_multicast-8x8-g64-f1-r1-b0-s17
8x8,64,8,27,scaleout,64,1,1.0,0.1,1,73705.0,10000.0,7.3705,25600.0,6300.0,0.75390625,0.007801,0.240385,29.814639148827073,15.976285201653795,492.3076923076923,report/raw-results/multicast-4x4-8x8/naive_unicast-8x8-g64-f1-r1-b0.1-s1,report/raw-results/multicast-4x4-8x8/tree_multicast-8x8-g64-f1-r1-b0.1-s1
8x8,64,8,27,scaleout,64,1,1.0,0.1,7,73655.0,10000.0,7.3655,25600.0,6300.0,0.75390625,0.007801,0.240385,29.814639148827073,15.976285201653795,492.3076923076923,report/raw-results/multicast-4x4-8x8/naive_unicast-8x8-g64-f1-r1-b0.1-s7,report/raw-results/multicast-4x4-8x8/tree_multicast-8x8-g64-f1-r1-b0.1-s7
8x8,64,8,27,scaleout,64,1,1.0,0.1,17,73685.0,10000.0,7.3685,25600.0,6300.0,0.75390625,0.007801,0.240385,29.814639148827073,15.976285201653795,492.3076923076923,report/raw-results/multicast-4x4-8x8/naive_unicast-8x8-g64-f1-r1-b0.1-s17,report/raw-results/multicast-4x4-8x8/tree_multicast-8x8-g64-f1-r1-b0.1-s17
8x8,64,8,27,scaleout,64,4,0.1,0.0,1,1260000.0,17500.0,72.0,102400.0,25200.0,0.75390625,0.002967,0.049628,15.726659925851028,24.30716277965699,406.55086848635233,report/raw-results/multicast-4x4-8x8/naive_unicast-8x8-g64-f4-r0.1-b0-s1,report/raw-results/multicast-4x4-8x8/tree_multicast-8x8-g64-f4-r0.1-b0-s1
8x8,64,8,27,scaleout,64,4,0.1,0.0,7,1260000.0,17500.0,72.0,102400.0,25200.0,0.75390625,0.002967,0.049628,15.726659925851028,24.30716277965699,406.55086848635233,report/raw-results/multicast-4x4-8x8/naive_unicast-8x8-g64-f4-r0.1-b0-s7,report/raw-results/multicast-4x4-8x8/tree_multicast-8x8-g64-f4-r0.1-b0-s7
8x8,64,8,27,scaleout,64,4,0.1,0.0,17,1260000.0,17500.0,72.0,102400.0,25200.0,0.75390625,0.002967,0.049628,15.726659925851028,24.30716277965699,406.55086848635233,report/raw-results/multicast-4x4-8x8/naive_unicast-8x8-g64-f4-r0.1-b0-s17,report/raw-results/multicast-4x4-8x8/tree_multicast-8x8-g64-f4-r0.1-b0-s17
8x8,64,8,27,scaleout,64,4,0.1,0.1,1,1310820.0,17500.0,74.904,102400.0,25200.0,0.75390625,0.00285,0.049628,16.41333333333333,23.347678627411863,406.55086848635233,report/raw-results/multicast-4x4-8x8/naive_unicast-8x8-g64-f4-r0.1-b0.1-s1,report/raw-results/multicast-4x4-8x8/tree_multicast-8x8-g64-f4-r0.1-b0.1-s1
8x8,64,8,27,scaleout,64,4,0.1,0.1,7,1307420.0,17500.0,74.70971428571428,102400.0,25200.0,0.75390625,0.002859,0.049628,16.35851696397342,23.419096626643796,406.55086848635233,report/raw-results/multicast-4x4-8x8/naive_unicast-8x8-g64-f4-r0.1-b0.1-s7,report/raw-results/multicast-4x4-8x8/tree_multicast-8x8-g64-f4-r0.1-b0.1-s7
8x8,64,8,27,scaleout,64,4,0.1,0.1,17,1309070.0,17500.0,74.804,102400.0,25200.0,0.75390625,0.002854,0.049628,16.38892782060266,23.382331953760524,406.55086848635233,report/raw-results/multicast-4x4-8x8/naive_unicast-8x8-g64-f4-r0.1-b0.1-s17,report/raw-results/multicast-4x4-8x8/tree_multicast-8x8-g64-f4-r0.1-b0.1-s17
8x8,64,8,27,scaleout,64,4,0.5,0.0,1,1260000.0,39500.0,31.89873417721519,102400.0,25200.0,0.75390625,0.002967,0.060132,19.266936299292215,24.30716277965699,492.6037282020445,report/raw-results/multicast-4x4-8x8/naive_unicast-8x8-g64-f4-r0.5-b0-s1,report/raw-results/multicast-4x4-8x8/tree_multicast-8x8-g64-f4-r0.5-b0-s1
8x8,64,8,27,scaleout,64,4,0.5,0.0,7,1260000.0,39500.0,31.89873417721519,102400.0,25200.0,0.75390625,0.002967,0.060132,19.266936299292215,24.30716277965699,492.6037282020445,report/raw-results/multicast-4x4-8x8/naive_unicast-8x8-g64-f4-r0.5-b0-s7,report/raw-results/multicast-4x4-8x8/tree_multicast-8x8-g64-f4-r0.5-b0-s7
8x8,64,8,27,scaleout,64,4,0.5,0.0,17,1260000.0,39500.0,31.89873417721519,102400.0,25200.0,0.75390625,0.002967,0.060132,19.266936299292215,24.30716277965699,492.6037282020445,report/raw-results/multicast-4x4-8x8/naive_unicast-8x8-g64-f4-r0.5-b0-s17,report/raw-results/multicast-4x4-8x8/tree_multicast-8x8-g64-f4-r0.5-b0-s17
8x8,64,8,27,scaleout,64,4,0.5,0.1,1,1310820.0,39500.0,33.1853164556962,102400.0,25200.0,0.75390625,0.00285,0.060132,20.09894736842105,23.347678627411863,492.6037282020445,report/raw-results/multicast-4x4-8x8/naive_unicast-8x8-g64-f4-r0.5-b0.1-s1,report/raw-results/multicast-4x4-8x8/tree_multicast-8x8-g64-f4-r0.5-b0.1-s1
8x8,64,8,27,scaleout,64,4,0.5,0.1,7,1307420.0,39520.0,33.08248987854251,102400.0,25200.0,0.75390625,0.002859,0.060096,20.0199370409234,23.419096626643796,492.3076923076923,report/raw-results/multicast-4x4-8x8/naive_unicast-8x8-g64-f4-r0.5-b0.1-s7,report/raw-results/multicast-4x4-8x8/tree_multicast-8x8-g64-f4-r0.5-b0.1-s7
8x8,64,8,27,scaleout,64,4,0.5,0.1,17,1309070.0,39500.0,33.14101265822785,102400.0,25200.0,0.75390625,0.002854,0.060132,20.069376313945337,23.382331953760524,492.6037282020445,report/raw-results/multicast-4x4-8x8/naive_unicast-8x8-g64-f4-r0.5-b0.1-s17,report/raw-results/multicast-4x4-8x8/tree_multicast-8x8-g64-f4-r0.5-b0.1-s17
8x8,64,8,27,scaleout,64,4,1.0,0.0,1,1260000.0,39500.0,31.89873417721519,102400.0,25200.0,0.75390625,0.002967,0.060132,19.266936299292215,24.30716277965699,492.6037282020445,report/raw-results/multicast-4x4-8x8/naive_unicast-8x8-g64-f4-r1-b0-s1,report/raw-results/multicast-4x4-8x8/tree_multicast-8x8-g64-f4-r1-b0-s1
8x8,64,8,27,scaleout,64,4,1.0,0.0,7,1260000.0,39500.0,31.89873417721519,102400.0,25200.0,0.75390625,0.002967,0.060132,19.266936299292215,24.30716277965699,492.6037282020445,report/raw-results/multicast-4x4-8x8/naive_unicast-8x8-g64-f4-r1-b0-s7,report/raw-results/multicast-4x4-8x8/tree_multicast-8x8-g64-f4-r1-b0-s7
8x8,64,8,27,scaleout,64,4,1.0,0.0,17,1260000.0,39500.0,31.89873417721519,102400.0,25200.0,0.75390625,0.002967,0.060132,19.266936299292215,24.30716277965699,492.6037282020445,report/raw-results/multicast-4x4-8x8/naive_unicast-8x8-g64-f4-r1-b0-s17,report/raw-results/multicast-4x4-8x8/tree_multicast-8x8-g64-f4-r1-b0-s17
8x8,64,8,27,scaleout,64,4,1.0,0.1,1,1310820.0,39500.0,33.1853164556962,102400.0,25200.0,0.75390625,0.00285,0.060132,20.09894736842105,23.347678627411863,492.6037282020445,report/raw-results/multicast-4x4-8x8/naive_unicast-8x8-g64-f4-r1-b0.1-s1,report/raw-results/multicast-4x4-8x8/tree_multicast-8x8-g64-f4-r1-b0.1-s1
8x8,64,8,27,scaleout,64,4,1.0,0.1,7,1307420.0,39520.0,33.08248987854251,102400.0,25200.0,0.75390625,0.002859,0.060096,20.0199370409234,23.419096626643796,492.3076923076923,report/raw-results/multicast-4x4-8x8/naive_unicast-8x8-g64-f4-r1-b0.1-s7,report/raw-results/multicast-4x4-8x8/tree_multicast-8x8-g64-f4-r1-b0.1-s7
8x8,64,8,27,scaleout,64,4,1.0,0.1,17,1309070.0,39500.0,33.14101265822785,102400.0,25200.0,0.75390625,0.002854,0.060132,20.069376313945337,23.382331953760524,492.6037282020445,report/raw-results/multicast-4x4-8x8/naive_unicast-8x8-g64-f4-r1-b0.1-s17,report/raw-results/multicast-4x4-8x8/tree_multicast-8x8-g64-f4-r1-b0.1-s17
8x8,64,8,27,scaleout,64,16,0.1,0.0,1,5040000.0,159500.0,31.598746081504704,409600.0,100800.0,0.75390625,0.000742,0.01275,16.1832884097035,24.30824468479696,417.799311487951,report/raw-results/multicast-4x4-8x8/naive_unicast-8x8-g64-f16-r0.1-b0-s1,report/raw-results/multicast-4x4-8x8/tree_multicast-8x8-g64-f16-r0.1-b0-s1
8x8,64,8,27,scaleout,64,16,0.1,0.0,7,5040000.0,159500.0,31.598746081504704,409600.0,100800.0,0.75390625,0.000742,0.01275,16.1832884097035,24.30824468479696,417.799311487951,report/raw-results/multicast-4x4-8x8/naive_unicast-8x8-g64-f16-r0.1-b0-s7,report/raw-results/multicast-4x4-8x8/tree_multicast-8x8-g64-f16-r0.1-b0-s7
8x8,64,8,27,scaleout,64,16,0.1,0.0,17,5040000.0,159500.0,31.598746081504704,409600.0,100800.0,0.75390625,0.000742,0.01275,16.1832884097035,24.30824468479696,417.799311487951,report/raw-results/multicast-4x4-8x8/naive_unicast-8x8-g64-f16-r0.1-b0-s17,report/raw-results/multicast-4x4-8x8/tree_multicast-8x8-g64-f16-r0.1-b0-s17
8x8,64,8,27,scaleout,64,16,0.1,0.1,1,5231595.0,159500.0,32.79996865203762,409600.0,100800.0,0.75390625,0.000715,0.01275,16.83216783216783,23.413909153918155,417.799311487951,report/raw-results/multicast-4x4-8x8/naive_unicast-8x8-g64-f16-r0.1-b0.1-s1,report/raw-results/multicast-4x4-8x8/tree_multicast-8x8-g64-f16-r0.1-b0.1-s1
8x8,64,8,27,scaleout,64,16,0.1,0.1,7,5230150.0,159500.0,32.79090909090909,409600.0,100800.0,0.75390625,0.000715,0.01275,16.83216783216783,23.42194234576814,417.799311487951,report/raw-results/multicast-4x4-8x8/naive_unicast-8x8-g64-f16-r0.1-b0.1-s7,report/raw-results/multicast-4x4-8x8/tree_multicast-8x8-g64-f16-r0.1-b0.1-s7
8x8,64,8,27,scaleout,64,16,0.1,0.1,17,5230590.0,159520.0,32.78955616850552,409600.0,100800.0,0.75390625,0.000715,0.012749,16.83076923076923,23.420603097683525,417.7460479347272,report/raw-results/multicast-4x4-8x8/naive_unicast-8x8-g64-f16-r0.1-b0.1-s17,report/raw-results/multicast-4x4-8x8/tree_multicast-8x8-g64-f16-r0.1-b0.1-s17
8x8,64,8,27,scaleout,64,16,0.5,0.0,1,5040000.0,159500.0,31.598746081504704,409600.0,100800.0,0.75390625,0.000742,0.01275,16.1832884097035,24.30824468479696,417.799311487951,report/raw-results/multicast-4x4-8x8/naive_unicast-8x8-g64-f16-r0.5-b0-s1,report/raw-results/multicast-4x4-8x8/tree_multicast-8x8-g64-f16-r0.5-b0-s1
8x8,64,8,27,scaleout,64,16,0.5,0.0,7,5040000.0,159500.0,31.598746081504704,409600.0,100800.0,0.75390625,0.000742,0.01275,16.1832884097035,24.30824468479696,417.799311487951,report/raw-results/multicast-4x4-8x8/naive_unicast-8x8-g64-f16-r0.5-b0-s7,report/raw-results/multicast-4x4-8x8/tree_multicast-8x8-g64-f16-r0.5-b0-s7
8x8,64,8,27,scaleout,64,16,0.5,0.0,17,5040000.0,159500.0,31.598746081504704,409600.0,100800.0,0.75390625,0.000742,0.01275,16.1832884097035,24.30824468479696,417.799311487951,report/raw-results/multicast-4x4-8x8/naive_unicast-8x8-g64-f16-r0.5-b0-s17,report/raw-results/multicast-4x4-8x8/tree_multicast-8x8-g64-f16-r0.5-b0-s17
8x8,64,8,27,scaleout,64,16,0.5,0.1,1,5231595.0,159520.0,32.79585631895687,409600.0,100800.0,0.75390625,0.000715,0.012749,16.83076923076923,23.413909153918155,417.7460479347272,report/raw-results/multicast-4x4-8x8/naive_unicast-8x8-g64-f16-r0.5-b0.1-s1,report/raw-results/multicast-4x4-8x8/tree_multicast-8x8-g64-f16-r0.5-b0.1-s1
8x8,64,8,27,scaleout,64,16,0.5,0.1,7,5230150.0,159500.0,32.79090909090909,409600.0,100800.0,0.75390625,0.000715,0.01275,16.83216783216783,23.42194234576814,417.799311487951,report/raw-results/multicast-4x4-8x8/naive_unicast-8x8-g64-f16-r0.5-b0.1-s7,report/raw-results/multicast-4x4-8x8/tree_multicast-8x8-g64-f16-r0.5-b0.1-s7
8x8,64,8,27,scaleout,64,16,0.5,0.1,17,5230590.0,159540.0,32.78544565626175,409600.0,100800.0,0.75390625,0.000715,0.012747,16.827972027972027,23.420603097683525,417.69279796048437,report/raw-results/multicast-4x4-8x8/naive_unicast-8x8-g64-f16-r0.5-b0.1-s17,report/raw-results/multicast-4x4-8x8/tree_multicast-8x8-g64-f16-r0.5-b0.1-s17
8x8,64,8,27,scaleout,64,16,1.0,0.0,1,5040000.0,159500.0,31.598746081504704,409600.0,100800.0,0.75390625,0.000742,0.01275,16.1832884097035,24.30824468479696,417.799311487951,report/raw-results/multicast-4x4-8x8/naive_unicast-8x8-g64-f16-r1-b0-s1,report/raw-results/multicast-4x4-8x8/tree_multicast-8x8-g64-f16-r1-b0-s1
8x8,64,8,27,scaleout,64,16,1.0,0.0,7,5040000.0,159500.0,31.598746081504704,409600.0,100800.0,0.75390625,0.000742,0.01275,16.1832884097035,24.30824468479696,417.799311487951,report/raw-results/multicast-4x4-8x8/naive_unicast-8x8-g64-f16-r1-b0-s7,report/raw-results/multicast-4x4-8x8/tree_multicast-8x8-g64-f16-r1-b0-s7
8x8,64,8,27,scaleout,64,16,1.0,0.0,17,5040000.0,159500.0,31.598746081504704,409600.0,100800.0,0.75390625,0.000742,0.01275,16.1832884097035,24.30824468479696,417.799311487951,report/raw-results/multicast-4x4-8x8/naive_unicast-8x8-g64-f16-r1-b0-s17,report/raw-results/multicast-4x4-8x8/tree_multicast-8x8-g64-f16-r1-b0-s17
8x8,64,8,27,scaleout,64,16,1.0,0.1,1,5231595.0,159520.0,32.79585631895687,409600.0,100800.0,0.75390625,0.000715,0.012749,16.83076923076923,23.413909153918155,417.7460479347272,report/raw-results/multicast-4x4-8x8/naive_unicast-8x8-g64-f16-r1-b0.1-s1,report/raw-results/multicast-4x4-8x8/tree_multicast-8x8-g64-f16-r1-b0.1-s1
8x8,64,8,27,scaleout,64,16,1.0,0.1,7,5230150.0,159500.0,32.79090909090909,409600.0,100800.0,0.75390625,0.000715,0.01275,16.83216783216783,23.42194234576814,417.799311487951,report/raw-results/multicast-4x4-8x8/naive_unicast-8x8-g64-f16-r1-b0.1-s7,report/raw-results/multicast-4x4-8x8/tree_multicast-8x8-g64-f16-r1-b0.1-s7
8x8,64,8,27,scaleout,64,16,1.0,0.1,17,5230590.0,159540.0,32.78544565626175,409600.0,100800.0,0.75390625,0.000715,0.012747,16.827972027972027,23.420603097683525,417.69279796048437,report/raw-results/multicast-4x4-8x8/naive_unicast-8x8-g64-f16-r1-b0.1-s17,report/raw-results/multicast-4x4-8x8/tree_multicast-8x8-g64-f16-r1-b0.1-s17
